temperature,battery,voltage,current,cpu,memory,packet_count,network_bytes,command,error_count,label,anomaly_type
25.198685661204493,84.66241086251281,27.87047595925526,4.665775592530074,24.900924208841317,37.286021078051114,3.0,189.68985315683767,STATUS,0.0,0,normal
25.00287060853851,84.83465853823107,27.995319476659137,4.810720749878663,23.489049218873213,38.77800214778539,6.0,431.9659732206939,SET_MODE,0.0,0,normal
25.375420197110557,84.41763838850757,28.002702530806665,4.717381944927727,24.482875127639016,37.61047575581943,3.0,183.4612049062511,STATUS,0.0,0,normal
25.783709426075713,84.56682326156047,28.07089455187651,4.835601254377659,27.144195182553098,40.44167218778448,6.0,386.67707765431214,REBOOT,0.0,0,normal
25.1389652110994,83.68099016894114,27.794971245507877,4.935754906786643,28.83356996509154,44.78871412584765,8.0,485.18954879249895,GET_POSITION,0.0,0,normal
25.197069361772705,84.64148822240267,28.0888850910771,5.251146345899415,26.71146199259072,36.91583137143518,3.0,225.65498800412448,STATUS,0.0,0,normal
25.980467494923584,84.44255094772811,27.594341255259582,4.903652288388289,25.30516962541531,44.003281991073656,7.0,345.9446532038249,GET_POSITION,0.0,0,normal
25.713767265000453,83.94058628712304,27.905517317145428,4.524312287969122,29.494035310913283,36.87331171061245,15.0,758.3961507243057,SET_MODE,0.0,0,normal
25.27695955027298,84.58602394678107,27.926758923632267,5.3420203539485485,24.061490580845433,36.60949115001246,7.0,315.82920924851123,REBOOT,0.0,0,normal
25.739666333772654,84.63255736267205,28.094999023910685,4.748872959915488,28.09275801510072,43.274378473372856,6.0,436.67202035866126,GET_POSITION,0.0,0,normal
25.39509749350117,83.26747675481367,28.003394627901532,4.9823838718686115,24.135811604946163,43.68774551203047,3.0,169.41327486748287,STATUS,0.0,0,normal
25.45191633787487,83.59750442783213,27.789165541921555,5.133960952082213,26.29306887403268,43.405639747050614,2.0,107.83151527049951,STATUS,0.0,0,normal
25.792650413426742,83.50204401742583,27.852251031127448,5.059883125520835,24.659312305628646,34.73681036712743,5.0,396.2697434174312,REBOOT,0.0,0,normal
24.988116463384294,83.3245627514497,28.02980200143211,5.3282538642564425,24.832443452041566,38.136196087711795,6.0,462.4328079455485,SET_MODE,0.0,0,normal
25.120922482522626,84.11731403612134,27.988139898720316,5.143700943017827,23.86784044761337,43.291954368013286,6.0,473.27704370994275,REBOOT,1.0,0,normal
25.64332587663826,83.51390150927816,27.91313138355464,4.741607126090868,29.034562093542085,40.16616736225558,4.0,182.76783948139087,REBOOT,0.0,0,normal
25.520342167089805,83.38698319498698,27.927874931573204,5.653568652197499,22.801221885674394,35.705228615210146,1.0,75.65007252592665,GET_POSITION,1.0,0,normal
26.10828198070226,82.42593594153398,28.104425199573893,5.05830003900147,22.779303242353876,41.833271756501766,6.0,318.8903038529884,SET_MODE,0.0,0,normal
25.676348823880314,83.65441548856253,27.92234611406962,4.955797932013549,31.362980697535328,37.14077096403412,8.0,324.050166467796,REBOOT,0.0,0,normal
25.5314716404054,82.62614180907003,27.98678631339564,5.289177626916671,27.933542693962995,47.17809939356885,2.0,111.3038668786455,GET_POSITION,0.0,0,normal
26.73933886128082,83.18503934919364,28.325490488212083,5.074835283779022,17.84465890392089,46.17936584967303,2.0,120.73570825104477,GET_POSITION,0.0,0,normal
26.119298957803725,83.20331330418176,27.786447604467412,5.119768457881798,23.30422378236879,42.41638970542227,2.0,88.65763388539243,SET_MODE,0.0,0,normal
26.292987122399175,83.65476795308092,27.722223590263802,5.747655199580206,19.56403198731384,45.44402681907909,5.0,307.53552337485127,SET_MODE,0.0,0,normal
25.75227153570063,82.23011650414283,28.11753844971979,4.917463571523486,22.147927919754235,40.25916540049352,7.0,509.44980356948486,GET_POSITION,0.0,0,normal
26.16043368927492,81.2851450755536,27.898203540805884,4.904671731794782,15.58445600129788,43.061749977500064,7.0,385.7422662349743,SET_MODE,0.0,0,normal
26.478385199439398,82.79749891068812,27.952264370838606,5.034973553603739,24.589031266918173,45.910881181208296,9.0,486.9521303523488,GET_POSITION,0.0,0,normal
26.02925397422349,83.51681334244756,27.882826543280334,5.321454780674312,21.574174542516065,40.98199472717725,4.0,214.2096672369084,SET_MODE,0.0,0,normal
26.695364179213005,83.14733722147015,27.961029978884874,4.54803979094288,25.179715770389315,38.97925131394287,7.0,538.4664448474338,SET_MODE,0.0,0,normal
26.360053882817336,82.54433473358154,28.23978071681445,4.410333232557049,20.124636223352425,33.18151216729154,5.0,209.75161975803982,SET_MODE,0.0,0,normal
26.53863958950748,82.1056745641043,28.120319268792716,4.823865418813956,25.24873555951612,39.66746589711403,7.0,404.6213197580275,STATUS,1.0,0,normal
26.469418071736584,82.6674001517133,28.129333526783046,4.509823112282214,23.755251165639017,43.29369273824925,7.0,354.0878471619207,SET_MODE,0.0,0,normal
27.50556409737292,81.68978238243682,27.787565941631104,4.872550595742308,29.505858895565787,43.78253371027052,3.0,227.25684304649928,STATUS,0.0,0,normal
26.813567134870585,82.3278332450529,27.827326939517068,5.150749908838787,29.234070585236875,42.01746026287364,5.0,219.21045271676078,GET_POSITION,0.0,0,normal
26.4499485954972,82.25588233225602,27.574138201077186,4.732775340934321,27.356036809030847,37.83480362015104,5.0,282.28855333608215,REBOOT,0.0,0,normal
27.255864295553515,82.44715082460986,27.878592876837587,4.571952026965597,24.020158658016364,32.09271372420964,5.0,281.3632304062171,REBOOT,0.0,0,normal
26.492061370207377,83.21119189114229,28.14350547795785,5.020801148514605,30.95614118578088,38.01913960798106,5.0,377.6788835094045,REBOOT,0.0,0,normal
27.117228653380902,81.94231483898298,28.077541977362255,5.258763045384551,20.34089416648054,38.782620515784195,8.0,388.9579024131102,GET_POSITION,0.0,0,normal
26.30282422285718,81.4068105512917,27.96677301055718,4.491507968445016,20.789324111309014,38.74828413123994,2.0,131.5916328241289,SET_MODE,0.0,0,normal
26.6081444051489,81.56414272437077,27.996654957442292,5.246069719491795,24.748650700332806,42.4742254279117,6.0,272.25747045306935,STATUS,0.0,0,normal
27.270600228293038,80.60849287324282,27.89666716861369,5.245191861121498,31.76211432676336,47.94270564405936,6.0,468.95417137933026,GET_POSITION,0.0,0,normal
27.539382533000474,81.06224999285178,28.030713832360266,5.2862255306469885,24.39298327938974,40.49411680736437,6.0,382.32359022534865,REBOOT,0.0,0,normal
27.364379579411047,81.12202715384736,28.11488174192209,5.365544064461506,24.450264270372156,39.13307284337415,1.0,65.0502692128268,REBOOT,0.0,0,normal
27.30109850097416,80.98218329874557,27.75761698188843,5.660604177397885,20.67426893166457,38.96311274798363,10.0,573.5093606641889,REBOOT,0.0,0,normal
27.278124088015517,81.23847253001489,28.044947153175602,4.8931723854142835,27.837788755811136,40.49753906763085,5.0,268.45654253326444,REBOOT,0.0,0,normal
26.858039795043464,80.6696722879042,28.1398652306432,5.0328714740233575,27.859528762988063,36.6868249586064,3.0,145.52117153938516,STATUS,0.0,0,normal
27.21206231664212,81.56051533366224,27.937734956655493,4.875068470025592,27.36722560419973,40.480794234984224,0.0,0.0,REBOOT,1.0,0,normal
27.365957440444458,80.9197628143337,28.10510509181809,5.000593053426743,23.112337981457912,41.8032493453272,7.0,547.2772886975066,STATUS,0.0,0,normal
28.02292953013364,80.83522081599696,28.42219816667088,5.459862006690893,22.879879694880984,40.83874425429795,4.0,217.5665526547845,REBOOT,0.0,0,normal
27.787043636993406,80.59669852787789,27.984348581051965,4.596495654820799,21.12063324878509,41.83016773601913,6.0,451.95765327889296,GET_POSITION,0.0,0,normal
26.99353722761247,80.7595900783174,28.0589960575008,4.741685098350327,25.251617505282802,41.73499043739414,4.0,183.80421005555996,STATUS,0.0,0,normal
27.877178478111947,81.01647730776737,27.88929143745079,5.413154280951368,21.758778012164495,32.91241327101422,2.0,154.89008167054408,STATUS,1.0,0,normal
27.641931605187207,80.09289166437858,28.02718767439031,5.306010952070627,21.467750484252136,42.547480633581614,4.0,216.07780542369227,GET_POSITION,1.0,0,normal
27.573236815391876,80.12053277063956,28.069040743747344,4.891060505954877,23.728927849267972,37.315940617350186,9.0,496.7017961736044,REBOOT,1.0,0,normal
28.13633219637628,80.22147829626778,28.02922635104052,5.256320600336216,23.532531474447353,35.616643347984166,4.0,234.05476112549252,REBOOT,0.0,0,normal
28.351326070460747,79.6247825199236,27.847045702043673,5.10236475274761,23.386064413534136,35.582192688580015,5.0,343.64885398953004,SET_MODE,1.0,0,normal
28.35830500616041,79.81310233651696,28.030954265698817,5.450082382700296,26.399333790520785,41.73416644189012,8.0,550.2890987804913,SET_MODE,1.0,0,normal
27.69656841770501,79.91028088003716,28.219329390807644,5.022352878148032,25.237143406450837,39.10970029110059,2.0,118.36708677757322,STATUS,1.0,0,normal
27.954622426287806,80.5119027877511,28.06729536467718,5.3076896341617745,24.135531908466646,33.272124864058355,2.0,121.85223194511488,SET_MODE,0.0,0,normal
28.256447945281227,80.13297254814928,28.144298078360777,5.792603573147786,25.549038784934446,41.912151260769136,5.0,206.00209755482823,GET_POSITION,0.0,0,normal
28.559372887842496,80.0261472164941,27.964448204498105,5.17942974651424,22.025418876686103,34.24156747680469,4.0,208.6874722493321,GET_POSITION,0.0,0,normal
28.022268353294578,80.28314810359167,28.112485035913558,5.0147984497384535,25.315835871729035,40.55928543407284,8.0,430.725463753795,GET_POSITION,0.0,0,normal
28.18402255344175,79.71805627522866,28.04189017573248,5.216734095566294,25.4518074785339,40.95399570269222,6.0,374.09454449418223,STATUS,0.0,0,normal
27.85965913039263,79.91172343297238,27.857363390546915,4.890415742538835,20.49085942192756,43.54230832678018,9.0,560.9879162536696,GET_POSITION,0.0,0,normal
27.867170382162023,79.59534427266289,28.047778150719832,5.7163903116574195,27.987081263111087,47.126739145867404,7.0,478.7719433638045,STATUS,0.0,0,normal
28.713670324686337,79.71082518153395,27.851245500483955,5.054021311308794,22.355698884319015,34.541294696397834,2.0,137.36218369744648,STATUS,0.0,0,normal
28.973704200771998,79.21868756824435,27.90506795876728,4.918120003932346,25.270929397619305,39.790104575747804,8.0,395.26743174786657,GET_POSITION,0.0,0,normal
28.444487803662852,78.2233244571898,28.028399246093855,4.749293298493989,28.49323522160581,38.89465881982313,3.0,212.42245813257895,GET_POSITION,0.0,0,normal
28.916318446285118,79.30901195950155,28.04458664100702,5.329166057481931,27.77703027314161,41.734998743843846,5.0,203.9207136092564,STATUS,0.0,0,normal
28.70069727006974,80.02170549196887,27.82161513023843,5.2601562238483215,25.103000165706508,40.86267508373447,4.0,274.5859015370753,GET_POSITION,0.0,0,normal
28.338651099851205,79.70838929841159,28.15809786567743,4.850793688575772,23.912502991353794,38.58981502905352,5.0,220.4122207038846,SET_MODE,0.0,0,normal
28.781426450068608,79.66370960971119,28.08580094174507,5.1729354035367265,27.8425357257267,38.236391245556575,4.0,276.74371334739504,STATUS,1.0,0,normal
29.29175966688553,79.73559329642447,27.894290734658366,4.547433209536143,27.02408493342586,35.534196579263806,8.0,488.67778898188936,REBOOT,0.0,0,normal
28.70139371174299,79.09917019166157,27.769362280532622,5.055491172521947,23.14490493986761,43.95144632962604,0.0,0.0,STATUS,0.0,0,normal
29.380257627233096,79.09161758985081,27.978264313137785,5.135826905623008,22.615319058994928,41.83681672639812,7.0,473.3865891332001,GET_POSITION,0.0,0,normal
27.74466987510845,78.62306538549187,27.933108442920826,5.512198942867767,18.782934454912006,43.67107279118055,4.0,165.81933339955722,GET_POSITION,0.0,0,normal
29.15898321734498,78.71360802703464,28.016971068557954,4.7687543591813935,25.462095525050763,38.75841545409794,5.0,244.69406513511564,STATUS,0.0,0,normal
28.902176790965086,79.12011283301386,27.945532500826666,4.616494211359303,24.751906764944803,37.37265812522228,2.0,129.31521139741233,STATUS,0.0,0,normal
28.78436719319695,79.35559000517114,27.69888147088825,4.731371611722487,28.40857412392763,35.68673973348309,3.0,221.66584879569814,REBOOT,0.0,0,normal
28.976758078647812,78.62619083330573,27.941747959254826,4.599029449905524,26.0771652804411,41.43567033496264,3.0,165.73291643341403,REBOOT,0.0,0,normal
28.180576416633883,78.41393899561551,27.954157133339752,5.400997207327695,29.00268758251807,35.84082710188706,1.0,50.35045890534228,STATUS,0.0,0,normal
28.922747208640214,78.58327843738795,28.095049153716108,5.464591788507211,22.90790731625149,47.3946522758662,3.0,182.2483722946793,GET_POSITION,0.0,0,normal
29.187930000479437,78.82846741946499,27.895270048808342,5.096064973384649,28.414450992902857,34.76942967562624,4.0,259.5704403818946,STATUS,0.0,0,normal
29.670163958117467,77.75166244757985,28.251801201005886,5.366388483705545,23.413250862686034,41.09464047685001,4.0,227.21648502491945,SET_MODE,0.0,0,normal
28.90506738909385,77.27210876118608,27.713253917402238,5.040187514174071,27.332788185376817,46.26741882885514,7.0,525.4789911447315,SET_MODE,0.0,0,normal
28.821790421617933,78.09243099481388,28.196675124670392,4.97146650568977,20.62372482240792,42.396359037055234,9.0,548.4379351896048,GET_POSITION,1.0,0,normal
28.976736239630867,77.70574129573943,27.966352154368284,4.900088714283871,25.705405898098565,40.702694849967116,1.0,41.4329435028234,STATUS,2.0,0,normal
29.57528554005712,78.01133039241428,28.128937730851533,4.9068827025867305,19.04593617566227,36.126065412152414,3.0,146.76647456474285,STATUS,0.0,0,normal
29.371740924646,78.14172507133986,28.01197022260881,4.535659533107291,24.198587542174735,34.472923245729184,5.0,290.1294061835629,SET_MODE,0.0,0,normal
29.05887812639581,77.9401242628443,28.17093333040382,5.079276429082202,26.32106198163374,43.08020043567034,1.0,67.90902076067734,STATUS,0.0,0,normal
29.50605271272217,78.84504058407245,27.94189570531708,4.987899826935787,23.43709434630671,46.02458896309979,3.0,146.37026925511066,GET_POSITION,0.0,0,normal
29.368958038661408,78.23516915202566,27.83520693622333,5.223608217223362,21.848687113732097,38.24460003808731,5.0,395.2514879434842,GET_POSITION,0.0,0,normal
29.746380064696968,78.17596187023132,28.213075643090658,5.028057048931583,27.5383554078878,35.4437539695346,7.0,369.1963122926634,REBOOT,0.0,0,normal
29.106305752221967,78.29170038838505,27.98297790311768,4.951188889529273,24.68961163045923,30.167322277803926,4.0,245.19683309769414,GET_POSITION,0.0,0,normal
29.283673105655527,77.36700269823821,28.03323377104363,4.738642090997711,23.531288058907986,36.07694062534985,6.0,244.55193233544986,STATUS,0.0,0,normal
29.284907992712156,78.41275388736611,28.185212787106718,5.021645971046528,25.125687763462828,39.54537263000384,4.0,301.5825154289287,STATUS,0.0,0,normal
28.882757222364212,77.81305673414496,27.845206713685833,5.2214711692448486,32.91000742583677,46.39649296334694,3.0,214.660158423022,SET_MODE,0.0,0,normal
29.612418342321668,78.14488793822728,28.08932363464589,4.656998302674841,28.46050854934463,42.69253476893187,5.0,239.09160085911853,SET_MODE,0.0,0,normal
29.623590958614557,77.23340122389176,27.911515786530565,5.026242126104222,28.48772100456352,41.220341618827014,4.0,309.31787059837484,GET_POSITION,1.0,0,normal
29.545801027524806,76.95311158520344,27.980174596653345,5.069912885458845,26.306638956977093,38.399521354795475,4.0,210.53436220758473,REBOOT,0.0,0,normal
29.473892434862943,78.10058116787171,28.010841844807643,4.7845805649145206,25.49945581773144,37.66733713097617,4.0,270.74980614081875,STATUS,0.0,0,normal
29.024932237581204,77.84247590800656,27.77496672078296,4.8236431085276,17.81175313500875,45.62259039003185,5.0,363.79526360331994,REBOOT,1.0,0,normal
29.445554092671067,77.16687466797771,27.883174443576934,5.0691832546298645,22.963058960610603,40.80295416303356,4.0,278.5463137979489,STATUS,0.0,0,normal
29.498833466223232,77.14769762282836,28.20266093386197,4.659973694512213,23.558276760392577,31.58959723231591,8.0,613.6264908895491,GET_POSITION,0.0,0,normal
29.33648778694206,78.11087948079825,28.13292867828772,5.104977114574818,19.3753238078574,37.30584140841103,3.0,223.712971240885,GET_POSITION,0.0,0,normal
29.613733294531254,76.92009792685009,27.990604063400916,4.73139368790224,21.5277526293537,36.5671358729135,5.0,398.922302818322,SET_MODE,1.0,0,normal
29.860083446655356,78.3037955103407,28.036468518776935,5.318856107909965,19.0574905872321,37.81494396329014,4.0,189.21782601218328,REBOOT,0.0,0,normal
30.47251689245213,77.00082158152739,27.95586362415453,5.7013483236164895,24.88502849290788,42.25164264114034,3.0,156.57141614720402,SET_MODE,0.0,0,normal
29.806814337704385,77.74002282268955,28.203487507874197,4.741772959489454,27.456297912546447,39.570220472823,5.0,327.24517348632605,GET_POSITION,1.0,0,normal
29.858302737764873,77.22723863176428,27.969947113330875,5.160262358712402,28.320323555872985,39.69253837198535,5.0,346.60943717831674,REBOOT,0.0,0,normal
29.743159794932193,77.66489265755932,28.034776313820228,4.781977428535394,26.244353386237723,45.253892645300944,5.0,306.9210109111418,STATUS,0.0,0,normal
29.02243907545783,77.064026900419,28.17190452162131,5.312286252139337,22.109810976404294,37.21415564085325,2.0,85.91426919092919,SET_MODE,1.0,0,normal
29.795702929511908,77.2285099794573,27.883394277273116,4.620422477274436,19.203804524440123,47.456798103549396,4.0,294.65523628806113,GET_POSITION,0.0,0,normal
29.846110784551104,77.30522966677835,28.233818377674535,5.144176027528314,19.729393901795493,37.314769634515656,4.0,313.7398969634035,STATUS,0.0,0,normal
30.822372942308434,76.75958451640635,27.770430788538494,4.738103309933194,21.193052268236507,40.356792786450285,7.0,393.54471627139054,GET_POSITION,0.0,0,normal
29.774534245467535,77.6080463625021,28.24444631966692,4.937904623270489,22.333420905892975,38.87518561838893,2.0,97.98499853590769,STATUS,0.0,0,normal
29.985843289832566,76.95903425212562,27.944098662407203,4.690692417455808,24.52075450602524,40.493676534003846,3.0,122.3176505954505,SET_MODE,0.0,0,normal
29.864426693038972,77.08040180085628,27.963595187826208,5.246705141268726,21.957507345619096,41.778367980292515,4.0,197.96784577497363,STATUS,0.0,0,normal
29.423266788621216,76.6776445068253,27.71649847432256,4.748905893668124,26.016927681004784,41.73534096035551,5.0,339.9837549676845,REBOOT,1.0,0,normal
30.359631604585907,75.87482920455452,27.931780792393347,5.1655892777995485,24.303179491601583,36.98753067751768,7.0,535.2450285483645,STATUS,0.0,0,normal
30.214376446606774,77.04272094504861,27.844029020345967,4.8967705915213005,25.031637135223075,35.508341290209714,5.0,218.70261328635314,GET_POSITION,0.0,0,normal
30.24045154387826,78.3278456867088,27.90885304819398,4.965658288460341,28.420751658013614,50.01268716362284,3.0,186.39110245943158,STATUS,0.0,0,normal
29.570052678645,77.49820988704838,27.97940335513167,5.044326772220039,21.45930479739889,38.064062641597786,2.0,135.6424998809466,SET_MODE,0.0,0,normal
30.50402632186,77.0817160541559,28.143668742170934,4.7714525985023455,26.256113734877104,42.79684975468795,5.0,255.27616422125374,GET_POSITION,1.0,0,normal
29.39059991859094,76.9464100354633,28.031140502710095,5.063110134062266,24.95808031457178,33.56943475790721,7.0,439.57117096768457,GET_POSITION,0.0,0,normal
30.193844595226416,77.07667013407593,28.04615149801017,5.459100369306324,23.999541157090913,38.881549120381294,5.0,343.0496852011546,GET_POSITION,0.0,0,normal
30.842374039033707,77.32765269565206,27.835672091673164,4.766571564250186,27.655768962597882,39.49120246407023,5.0,367.54384862707536,GET_POSITION,0.0,0,normal
29.57639494678909,76.45341842939939,27.86788688655959,5.351543042982153,27.637042463671023,41.89126027971133,7.0,406.69995822959464,REBOOT,0.0,0,normal
29.75183486140791,77.591794522136,28.269808752752695,5.449429290046336,22.160527612034716,29.110183436032244,7.0,489.40002129730897,GET_POSITION,0.0,0,normal
30.023284986257586,77.38421155336458,27.889719844785514,4.755153503291587,24.453518248426228,40.66456245231332,10.0,520.7131886959398,GET_POSITION,1.0,0,normal
29.78642998965264,77.37858046077538,28.248431237808596,4.5634836184728345,25.843635047752198,35.40103417852843,4.0,194.0874794835454,GET_POSITION,0.0,0,normal
29.37127541892989,77.23277260323472,27.96354082016787,5.090588270051529,24.180979755932245,41.2973828447797,4.0,189.9701993745068,SET_MODE,0.0,0,normal
30.022010746615035,77.0184714381388,28.000343190421525,4.835777743169938,26.755063996863395,35.854683212647345,0.0,0.0,SET_MODE,0.0,0,normal
29.572032649605035,77.34130400183065,28.16055477403449,5.560580965748901,25.843576053730825,36.57806921629768,3.0,124.3055618146619,GET_POSITION,1.0,0,normal
30.18808317815138,77.29807313743498,28.190783863290797,5.01044226214995,30.497683721068036,38.90548955842693,3.0,153.95902051982995,REBOOT,0.0,0,normal
29.63189184632529,76.82352118049938,27.983378115958136,4.759340177589446,20.409162592210638,35.79068212158722,2.0,132.17782595545827,STATUS,0.0,0,normal
30.619973762007017,76.71319911355155,27.94176354197177,4.655852146696486,24.63269203075781,38.09786221305858,9.0,593.2508569776492,REBOOT,0.0,0,normal
29.686360223084314,77.0514696836009,27.991611932721668,5.326971487727249,22.274492465463428,35.22649692582674,8.0,343.5372180772772,GET_POSITION,0.0,0,normal
29.86982159941504,77.7766761463119,28.050693629234818,4.828644807774744,26.812322366317133,32.66731819320509,8.0,411.97299746579847,GET_POSITION,0.0,0,normal
30.322361022043346,76.3853198460203,28.133695553030464,5.013148639838128,20.148484329863365,44.07182820971744,4.0,251.12922634846745,REBOOT,0.0,0,normal
29.50223983011904,76.27490047641558,28.000634478849122,5.286740823533744,26.03893813067466,34.815805228704285,10.0,527.4208550012411,GET_POSITION,0.0,0,normal
30.082524765197995,77.09591515444812,28.092832944703474,4.854722494420751,23.109854705954977,39.285276449568066,3.0,170.1585629026648,STATUS,0.0,0,normal
30.510677353012092,77.04493144884943,28.24575395984064,4.986221351377952,22.79751440163696,43.01156432597514,2.0,137.02486056926114,SET_MODE,0.0,0,normal
29.340431146398036,77.11319172782916,28.057196441839718,4.995029477053244,20.66050538937794,37.54022358993583,2.0,80.7413463565304,STATUS,0.0,0,normal
30.052207496661946,77.15661027375582,28.046747928400716,5.204997353454828,23.604772161396983,36.699336401017845,2.0,102.11148352707444,STATUS,0.0,0,normal
30.076562594540736,76.93222370973642,27.772163376236488,5.177223300653098,28.253501590872776,40.90495235466969,6.0,274.169338508404,STATUS,0.0,0,normal
30.27892093742064,77.7990248573655,27.60539047947564,4.933965880623552,24.92443394941156,44.47173529090861,2.0,90.20873462115934,REBOOT,0.0,0,normal
29.464321473355074,76.26498519843165,28.058256359384526,5.019094718448955,26.883041253623425,35.32273893965412,9.0,705.254477921009,REBOOT,0.0,0,normal
29.423157698474142,76.66360693767732,27.98577636530787,4.888466296542953,29.993925465898826,39.399408671930246,8.0,440.4993060999737,STATUS,0.0,0,normal
30.15168522373232,77.03971886394858,27.92278259876279,4.556716277924167,25.791266754467728,33.07002162013069,4.0,244.33417358554237,REBOOT,0.0,0,normal
30.05260152985617,76.28431333752228,28.036529530627952,5.077280257219439,23.323601283812977,38.42719598527124,4.0,277.41150193114123,GET_POSITION,0.0,0,normal
30.024235905199394,77.03361077368629,27.990939440620465,5.567657528249921,26.40175664554837,40.1368187381523,3.0,125.69369698320602,SET_MODE,0.0,0,normal
30.052182517330856,77.9689699092127,28.169167037595084,4.7348842577926815,23.367111561057126,36.581501432979735,9.0,446.7681498807714,REBOOT,1.0,0,normal
29.630492590148503,77.16643927810014,28.01291663023885,4.768091087119189,23.486731950108492,38.172032664699074,10.0,732.859114937485,REBOOT,1.0,0,normal
29.98363948253343,77.2901696469889,27.887961507239474,4.738781668506878,20.440321601143047,34.3670929267702,5.0,372.3981226355762,STATUS,0.0,0,normal
29.995540390240542,76.56461937594,28.148524935843895,5.217377533616936,27.778772473253177,40.30831444552597,5.0,274.59018412816044,SET_MODE,1.0,0,normal
29.579483785688574,76.90746033134168,27.96743033875807,5.134545636258932,23.84199227305168,44.2227769955326,9.0,494.95017587463656,GET_POSITION,0.0,0,normal
30.597788435837884,77.05003599963007,28.078980502550845,4.952438692275063,25.546294737447585,35.61142452091815,2.0,140.55175016871056,GET_POSITION,0.0,0,normal
30.026609265679035,77.10182069591896,27.92838839407108,4.724594281508311,21.892114214180083,37.50931293379047,5.0,259.0140453499738,SET_MODE,0.0,0,normal
29.345497301693637,77.92559197658237,27.902525967175386,5.027713037491977,26.307842889146418,42.01018498581673,5.0,223.4188162279996,GET_POSITION,0.0,0,normal
30.068929923145127,77.58875196285601,28.012625234527853,4.530613361799259,22.71417628559475,44.848362877290946,8.0,402.41134407698667,SET_MODE,0.0,0,normal
29.40007489348652,76.78035492300756,28.001924296531552,5.043027970057248,24.57487383489453,34.02724075116427,6.0,332.96273559258594,STATUS,0.0,0,normal
30.08777200273564,77.48655133123415,28.071974055305024,5.26145731582638,27.63347809371738,39.3248610503362,6.0,252.5291303028236,GET_POSITION,0.0,0,normal
30.21872081307873,77.64065874388716,27.95970313700354,4.6246402590098965,27.37227793669759,41.1325232892781,7.0,414.03047117604893,GET_POSITION,0.0,0,normal
29.408710285230963,77.990901379146,27.72454603243444,4.540244516951101,24.933909782449177,39.59177443748461,5.0,348.0015025545557,SET_MODE,0.0,0,normal
30.103392983665646,78.24140229213552,27.935083917461743,5.473831367508458,19.695606901879845,30.092831732491653,5.0,302.7490288960923,GET_POSITION,1.0,0,normal
29.86357547470414,76.9749119377988,28.119072770071572,4.816472108148624,33.97843171018192,42.00436003723509,7.0,300.13069534406196,REBOOT,0.0,0,normal
30.007071643195452,77.10937511767858,27.955393588113534,5.340784353783147,30.237576910819406,46.077345404362575,4.0,230.42394101535336,STATUS,0.0,0,normal
30.41611588769229,76.91937315913354,27.96304248962282,4.953800700440651,27.168024474664897,40.466647004678016,4.0,273.4247372868532,GET_POSITION,0.0,0,normal
29.53776402643279,77.4655192339122,28.14795647588589,4.951413554917602,22.740388655227086,35.87557578682295,6.0,253.94319695764557,GET_POSITION,0.0,0,normal
29.31231775603422,77.85107963237964,27.893204015911163,5.131523809848994,24.659223514894105,37.94749101454287,6.0,254.36332553445322,GET_POSITION,1.0,0,normal
29.23527476255116,78.14793840325235,27.768579517263564,4.734800342976068,23.36973871067045,47.079652270622375,4.0,219.2962245089572,SET_MODE,0.0,0,normal
29.241403174226832,77.65366082703794,27.975905332071175,5.039749143048693,28.791567817289163,43.63985016344223,3.0,143.3956756948451,STATUS,2.0,0,normal
29.51291496110218,77.57006720658406,27.92737390731269,4.885553175552772,25.7875086725555,42.56010647353732,3.0,232.17369495701044,STATUS,0.0,0,normal
29.65562963966926,77.84520883653622,27.85506305203701,4.603851966978491,22.647508424920503,41.4256503341375,10.0,632.5374414958972,GET_POSITION,0.0,0,normal
29.604646551227844,77.39207617879164,27.973693231615197,5.101244622417919,23.587734702625653,37.35545155123611,6.0,308.95809585741506,GET_POSITION,0.0,0,normal
29.799036501231473,78.89570823826008,28.07372584708702,4.9210076579366255,28.363564427709715,39.19771527737693,6.0,409.1464149875882,SET_MODE,0.0,0,normal
29.44695201071618,77.08936748009693,27.99860671576483,4.952892551466587,29.800293540461436,39.688309057285935,4.0,219.98864821749262,STATUS,0.0,0,normal
29.99615159515756,78.02878954657643,28.046047160902937,4.636951716975752,29.584994690458736,42.198297264257775,1.0,45.2846257751604,REBOOT,0.0,0,normal
29.281264256477726,78.99239992597816,28.272011154777314,5.477420110328842,27.27109619516193,46.035675577067614,5.0,247.4464459687161,GET_POSITION,0.0,0,normal
30.44698973511966,78.0291246127059,27.948568170766364,5.263014255915834,24.24212539359209,44.47335254717251,7.0,459.96923964862526,REBOOT,0.0,0,normal
29.580393958028196,77.97677725222374,28.0417522951967,5.289246765251594,15.275458524012638,34.32246257681584,4.0,168.30017695951867,REBOOT,1.0,0,normal
28.957882716910316,77.94008410543186,27.92361799561013,4.908366589267495,25.891480071424663,40.8959798756042,3.0,152.72268480576764,STATUS,0.0,0,normal
28.842425208678183,78.07655262647458,27.873046042016956,4.481245133148974,24.994513723467698,42.94705338067159,5.0,241.66229552843492,REBOOT,0.0,0,normal
29.433229446879405,78.90203946808685,27.912263851987333,5.585875214746853,25.419946288964063,42.47544132057854,7.0,336.31783098942896,GET_POSITION,1.0,0,normal
29.119739578845948,77.15946953557318,27.928186214271747,4.98167074759824,25.16169204109962,37.48306494645032,9.0,605.7944683113496,GET_POSITION,0.0,0,normal
29.463039254701517,79.08281435934467,28.053921369632068,4.775360061193984,21.021213514152528,51.656436863073445,2.0,146.06535334034916,SET_MODE,0.0,0,normal
29.334482912604628,77.65572084333459,28.352361368005113,5.125040472344934,26.67222567055356,34.891661750675524,6.0,411.80798593542204,STATUS,2.0,0,normal
29.083243911340563,78.2868730731375,27.892593484558624,5.3501362364009895,26.896648942095553,35.6672462133358,2.0,131.658225264041,STATUS,0.0,0,normal
28.740288852993498,78.2589676454973,27.937506204157682,4.99308483317436,27.047016346178978,40.934380325046305,3.0,229.97421261814367,REBOOT,0.0,0,normal
28.43914608200039,78.82214067988578,27.990531548033314,5.383572550381812,27.83973101072016,48.46721221985541,5.0,211.67847608485937,GET_POSITION,0.0,0,normal
28.83200998294841,77.78395228201778,28.059369827306462,5.324899981555061,26.81215493476487,36.655220597183316,3.0,140.09797031714888,GET_POSITION,1.0,0,normal
29.318163500203628,78.8701199610822,28.039532621793217,4.677085643779383,23.769911765383267,38.93668653741203,4.0,226.30509690728513,SET_MODE,0.0,0,normal
29.025691265685694,79.70806878278965,28.19261436909222,4.797862968302157,24.78748945625173,44.30917469206277,5.0,274.49032870077355,REBOOT,0.0,0,normal
28.405674621898502,78.07206078429031,27.636041189419718,5.28726114898393,25.273374601760132,39.928551380449065,4.0,226.8882564740836,GET_POSITION,0.0,0,normal
28.936630334010296,78.90708034193348,27.64196051947065,4.186216230856869,25.323098347319856,38.66158458187882,5.0,241.29098100854122,STATUS,0.0,0,normal
28.984349167486425,78.54065336614987,27.925618274198477,4.9551632920505035,27.99465296791519,42.26253160754688,2.0,91.96026524641826,SET_MODE,0.0,0,normal
28.43902494226389,79.14483493630557,28.164595028131558,4.570750639512599,26.931006259067473,41.09007196091837,4.0,241.4709195932685,STATUS,0.0,0,normal
28.815890207285708,79.00253362485589,27.765152795259162,4.857033859569943,31.23203031870986,44.121755142547165,5.0,385.6105048137587,SET_MODE,1.0,0,normal
28.73900761476537,78.73409794165869,27.548855149045938,4.9103539732912385,31.619406939654016,45.165875556261454,6.0,334.0726709639801,STATUS,0.0,0,normal
28.219356921166895,79.36146407795691,28.085676910932882,4.892526686627748,25.238948747841775,41.22801224002145,10.0,417.3412856478112,REBOOT,0.0,0,normal
28.779983152004558,80.08318492230897,28.03654858355541,4.8343216243662175,13.490033354621891,41.16693090151323,5.0,341.23346857790494,GET_POSITION,0.0,0,normal
28.82101281224055,79.14982970142714,27.836468738980084,4.670856905111356,28.7104973983818,40.85644392914453,6.0,309.86517732652203,STATUS,0.0,0,normal
28.989263357320795,79.67021039499299,27.85216905989186,5.687573380045606,23.378870983038837,41.95652222659715,7.0,348.6266020453698,REBOOT,1.0,0,normal
28.936426107942268,78.72951506165913,27.8545384420548,5.560238601248405,22.59554823450698,40.22068255148586,4.0,211.88128011167393,STATUS,0.0,0,normal
27.92222410511215,78.96451484791902,28.01658029762109,4.651380253923115,23.8046641750319,39.99756607071084,7.0,482.6683466942054,REBOOT,0.0,0,normal
28.056078173377617,79.7462700359903,27.90605270857255,5.47463502539107,23.660070859556182,44.78650848330897,6.0,436.5166528488729,SET_MODE,0.0,0,normal
28.594674102612128,80.32020202110212,28.074109587846326,4.8801603528581445,26.83680943031618,46.06446472142017,2.0,127.04448538711709,REBOOT,0.0,0,normal
28.551167412159174,79.82476182352195,27.57180600056434,5.038756241999513,20.321692662621324,33.96978822146632,3.0,158.69745044634618,STATUS,0.0,0,normal
28.50821219451746,79.55996199274635,27.87147222023083,4.981017812030926,21.766837762625194,40.040084606962274,4.0,209.6765172987645,GET_POSITION,0.0,0,normal
29.799378740369164,79.78638787214003,27.831091905863342,4.802075407623811,26.02947566259225,37.24522226621906,4.0,179.8893359848741,SET_MODE,0.0,0,normal
28.44229425270996,79.23249525552282,27.961548898244125,5.295155703081844,26.868832091239923,38.75611413405571,5.0,386.66020964703887,SET_MODE,0.0,0,normal
28.623381093065788,80.231609923988,27.91929283622648,5.037765959172997,26.924624934808037,41.610064838941284,7.0,458.6790317112695,REBOOT,0.0,0,normal
28.505543278117084,80.44285841481002,28.119676566984364,4.857034573034228,22.638891163200103,42.67775348616988,3.0,123.23695438270367,STATUS,0.0,0,normal
28.33886387715061,79.84866303097819,27.721099484250992,4.608623166859858,22.06520305220128,39.55149422555462,3.0,199.48405142240168,REBOOT,0.0,0,normal
27.90614772913793,79.91337024292974,28.006823721449614,4.731921495884264,23.480095498636242,32.34663866110879,6.0,347.3168218064419,SET_MODE,0.0,0,normal
28.289380646711237,80.35567038120374,28.083750463481756,4.507585965319371,25.719618256854176,36.139817677695284,3.0,236.70695556563032,GET_POSITION,0.0,0,normal
27.62979617564734,80.07935811363991,28.278497115484292,5.003667064524551,29.456432107817648,43.585998680800664,9.0,654.8647769303066,REBOOT,0.0,0,normal
27.79693423814393,80.3402750033432,27.92773510433598,4.641000322314682,18.85768844268775,29.038294311860277,7.0,327.9684110731835,STATUS,0.0,0,normal
27.64986019638262,81.49945190976044,28.04866879065288,4.920331846244437,24.3378137291249,44.749708606728,5.0,344.0222237749733,REBOOT,0.0,0,normal
27.828714173108263,80.40294392186102,27.729420581115644,5.411030556083111,21.001964676924388,42.08491996257816,6.0,356.5358409204632,REBOOT,0.0,0,normal
28.67340831702343,80.42475809942295,27.641206569353045,5.359789871876476,20.043271967939532,45.26470432612009,6.0,284.89083928078276,REBOOT,0.0,0,normal
26.951847212720864,80.3582238335703,28.126716156367255,4.990316931769215,27.90086993603445,39.20572325247616,3.0,203.8487888795939,GET_POSITION,0.0,0,normal
27.92410039731583,81.13274187188432,27.99916595595279,4.973874582157055,26.633873723498017,31.754378303908382,8.0,495.1640251821585,STATUS,1.0,0,normal
26.954994291170216,80.74925888995722,28.176776903469765,5.563962364826303,26.348300547841788,41.72145056602599,10.0,412.1495515086282,STATUS,0.0,0,normal
27.361440202512604,80.5949727627139,27.79398956665454,5.156226836107614,27.76307751919298,45.098612496153365,6.0,395.18110812691816,SET_MODE,1.0,0,normal
27.935580238786947,81.66065201613651,28.07798532092931,4.901658062037043,23.560843309701593,43.698887222053685,7.0,457.7963851614834,SET_MODE,0.0,0,normal
27.47516059882862,81.79068375635212,28.28032267608158,4.572194564863865,23.702087450999414,37.349234066047856,2.0,91.526812884117,REBOOT,0.0,0,normal
26.96746765507951,80.86208331112867,28.06295584125359,5.118161965449423,31.557191850167722,40.34704430185059,5.0,269.79754539933856,SET_MODE,0.0,0,normal
27.06123633022547,80.31095752203257,28.041487225838658,5.248797131774858,24.260286837221276,37.8686549248803,8.0,507.4876706403328,STATUS,0.0,0,normal
27.567671366508932,81.83042521782237,28.00128341212365,4.810504542645907,27.205396339162274,36.72293414324251,6.0,273.3079233856152,REBOOT,0.0,0,normal
26.951849248315455,81.0672916455163,27.764367781431112,5.08736082654141,25.019144622889947,43.821554284719404,2.0,148.21787022678052,SET_MODE,1.0,0,normal
27.278439169778178,81.88834362526877,28.203335940356553,4.890928011525491,19.455224409764753,35.20987075493935,3.0,123.29832555452447,GET_POSITION,1.0,0,normal
27.157647560669798,80.59187797161084,27.90837135402924,4.944790280240299,18.866112988596196,36.42473427767355,10.0,441.13496598774196,SET_MODE,0.0,0,normal
26.826052133366762,82.10759103329511,28.075672488457453,4.253653382731301,23.263047340180286,35.58389746611046,3.0,133.93283038258608,GET_POSITION,1.0,0,normal
27.891260851109134,81.1405208907532,27.765544854014312,4.933465578885159,28.168303755009966,34.03900990680381,4.0,244.4971401560088,SET_MODE,0.0,0,normal
27.23396643912299,82.19674393122,27.823081050323832,5.290810790722416,27.364874969908012,40.585657167370414,9.0,583.241044380705,STATUS,0.0,0,normal
26.1167892960492,81.92418240477862,28.215263109883335,4.810579233330032,27.7422314926721,44.6460121939279,2.0,112.29926372011892,SET_MODE,0.0,0,normal
26.94761469298733,81.52617754297438,27.947904656656323,5.015757910464595,22.038861463191054,39.260492975018934,5.0,257.7333655336332,GET_POSITION,1.0,0,normal
26.554251438858405,81.88613620391139,28.21799132140638,4.773214787992424,29.84761747036694,33.97700879774334,1.0,72.3726950250223,GET_POSITION,0.0,0,normal
27.105626157487837,82.5197147107674,27.988265401141224,5.108132502887832,22.105320099440846,43.35977815896811,5.0,213.65719674528404,SET_MODE,0.0,0,normal
26.39309242125526,82.31678607995227,27.723715334056322,4.935043040739148,25.638473196009905,46.742807016139885,9.0,460.9050700078051,REBOOT,0.0,0,normal
26.60942251283803,82.64369914715657,28.13381013995976,4.718227537795398,24.96894313027679,37.41503070341362,2.0,83.12924630431766,GET_POSITION,0.0,0,normal
26.802304270377043,83.42772531820196,27.91151615233666,5.3997654402995385,24.47837853905624,38.085782933129124,5.0,202.7780269932536,STATUS,0.0,0,normal
26.891387049542786,81.74574323914489,28.104803322027557,5.278679604059665,29.015776414886822,42.062642520333576,6.0,324.8111728637283,SET_MODE,0.0,0,normal
26.009532842370103,83.42516403917645,28.003781630131012,4.818527970821547,22.884668439502118,46.4874949911402,7.0,334.55062548458096,GET_POSITION,0.0,0,normal
26.30021566921907,82.75775210707289,27.76853226580857,5.149336492825333,20.951184232864215,37.92066341709909,3.0,152.20390258058956,SET_MODE,0.0,0,normal
26.188208654620613,82.34550912930243,28.024644214805587,5.161223600846114,25.059986458619257,34.67020087600718,7.0,509.8652040873911,SET_MODE,0.0,0,normal
26.060839117156526,82.21936989083288,28.32943347132292,5.192690370503353,23.80051979714042,42.525674425089626,7.0,325.634426949782,REBOOT,0.0,0,normal
26.97215753663645,82.87987845977307,28.07394796877717,4.491723231201477,35.13214875724794,43.1962722925692,6.0,427.2560081164322,SET_MODE,0.0,0,normal
26.371602162382725,83.52544989116488,27.99137233704918,5.301981962309789,27.029522429319925,40.02452580174091,4.0,268.00809970341817,SET_MODE,1.0,0,normal
25.64872577197818,83.09129847387172,28.161301510293534,4.829090311122281,23.77197827434413,37.7674669613702,10.0,530.5782100563331,SET_MODE,0.0,0,normal
26.463537899761427,84.00134847162046,28.031600269780466,4.89265161996762,21.83166529243874,43.97751492396819,6.0,371.173474842309,STATUS,0.0,0,normal
26.88842093289385,82.61111862843214,28.03143013453942,5.79136452567806,19.359134768293647,42.112144018191856,8.0,462.2193951278524,SET_MODE,0.0,0,normal
26.395569151884608,83.42182264981433,27.836256224176136,5.090562014216304,21.9243427427877,36.92625793238603,3.0,135.40743785971983,STATUS,0.0,0,normal
25.31772662884197,82.89304389343573,28.03507720386844,4.884103257365847,25.344825315277394,40.19637892522269,6.0,457.7244772162021,SET_MODE,0.0,0,normal
25.67454725918815,83.79263051997704,28.15531651246254,4.338411688173228,29.281985954784307,34.59316987190142,9.0,565.0624683308736,REBOOT,0.0,0,normal
26.317654075202487,84.14602031020412,27.874590677184997,5.416929240183906,28.36506742716376,42.743561825751684,3.0,225.62880549545457,REBOOT,0.0,0,normal
25.470360774999907,83.5841334051636,28.213674373187043,4.596437098757419,25.68728449493914,38.95106572246858,7.0,510.6714233077212,GET_POSITION,1.0,0,normal
25.87339327605882,82.5845082640059,27.986244096378233,4.698968328950149,24.030497002892545,38.25715667046105,4.0,172.76414804950772,SET_MODE,1.0,0,normal
25.94806186067471,84.07834089051347,27.86683457326922,4.900594310273645,25.806437069236463,39.868502059390266,3.0,144.8724799222143,REBOOT,1.0,0,normal
25.20969238199492,84.2896259628649,28.149644811538035,5.424923537510088,23.44408600754627,40.16123079732099,9.0,412.2940011749391,REBOOT,0.0,0,normal
25.49883217391355,84.36591967133963,27.95698086463926,5.231971995999728,30.155091987291627,43.57972024626224,4.0,292.924725245907,SET_MODE,0.0,0,normal
24.16824236861933,84.87429220847594,28.113927233122915,4.952648747047922,24.43242945617476,42.364362125300886,4.0,297.99146023283237,GET_POSITION,1.0,0,normal
24.997038316805575,83.8136037628326,27.95623620516122,5.092487619091647,24.74098642525982,39.37436288482879,3.0,183.35658117700393,STATUS,0.0,0,normal
25.247755108163364,84.78205626277223,27.991026078470515,4.819884292138668,18.352532724937994,43.05467259887598,2.0,88.33424580064056,REBOOT,0.0,0,normal
24.791610871766437,85.1310951249552,28.074034030650143,5.041896106869605,24.413695460431708,41.60294901476645,3.0,136.27399422516194,REBOOT,0.0,0,normal
25.885591082561387,83.73850371041478,28.0436345586385,5.022001023433441,27.509452413894824,38.29360145485585,6.0,435.2517149851842,STATUS,0.0,0,normal
24.602440932328253,84.88062993933949,27.70067023293224,5.290630968704406,21.796832268884366,39.50112736705405,12.0,926.0112655340786,REBOOT,0.0,0,normal
24.94032698719149,84.56175843350371,27.83181343898584,5.290153436731685,22.747838996521562,39.40710844462752,7.0,335.85319183098386,STATUS,0.0,0,normal
25.110472559921423,84.866156537038,28.139411497718623,5.148193214661694,27.378133053200994,42.021045372696804,4.0,161.78201223554768,STATUS,0.0,0,normal
25.576509315626446,85.17383824176918,27.98017951166477,4.891295732736169,20.57002832944584,38.531909541113436,7.0,372.6668134422178,GET_POSITION,1.0,0,normal
24.36747881052124,84.8494678443544,27.921440304584287,5.222546688317038,28.173403022625756,38.438363254313465,5.0,206.09987792957625,STATUS,0.0,0,normal
25.348920718991703,84.84829761141164,27.79621389771138,4.972409460139086,23.403568329480695,47.87502923773584,8.0,584.9519731449722,STATUS,0.0,0,normal
24.829595740895332,85.29627218236402,27.838039551808624,4.67542568938606,23.834295338526392,43.75894192698841,4.0,238.64196115620024,STATUS,0.0,0,normal
24.374769978592088,84.82857952815057,27.696730204005707,4.879013662426718,21.628364784623216,36.957597342299444,7.0,459.72101805364554,STATUS,0.0,0,normal
24.89411724515293,84.92224606684123,27.98480789219477,5.025358095135298,26.13413878128365,42.28376397576879,5.0,282.29697522730845,REBOOT,0.0,0,normal
24.73084150950876,85.89773843143125,27.910234362912842,5.273064735099424,32.37961595508814,40.47340026262071,2.0,107.64060376099854,STATUS,1.0,0,normal
24.35311987579719,85.07647237976353,27.855011816352203,4.944941548352854,27.344491718381896,41.56620470104038,4.0,195.55206609217356,REBOOT,0.0,0,normal
24.563171529349045,86.07675513788975,27.989781486224807,4.637240386628118,22.40714421417839,40.54936529826042,6.0,424.927811289155,SET_MODE,1.0,0,normal
24.32323224491703,86.0675233525682,28.054595594627912,5.017022504989046,28.406861756474427,44.758570581940944,6.0,406.9314202597271,SET_MODE,0.0,0,normal
24.464942367474347,85.06583994860655,28.31397968983149,5.034036812016966,24.04996136219725,41.38248137860578,4.0,217.7166375193738,STATUS,0.0,0,normal
24.626644030505446,85.68235085671692,27.77321748706552,5.055751288670826,29.123454944282678,39.75164520714285,3.0,158.53393611590195,GET_POSITION,0.0,0,normal
24.938541221657818,86.7104395092042,28.17390715649508,5.275961454786329,27.42002920649309,44.16876230793207,4.0,160.19886058378864,GET_POSITION,0.0,0,normal
23.751445239221844,85.71490293242603,28.14596523415226,5.305676972026969,16.1705753035848,40.933140164351485,5.0,212.7104260090945,REBOOT,0.0,0,normal
25.04232373433467,86.06522125368984,27.883136089093494,4.8217367382855,21.987761101134918,40.48591431731623,7.0,454.5115469699377,REBOOT,0.0,0,normal
23.350923991856344,86.62021586796139,28.030485393187906,4.815156962585317,27.83315566850617,41.256090409944456,10.0,605.8429240941847,SET_MODE,0.0,0,normal
24.013811346762196,86.872454638999,27.931355012599358,4.687940386713358,25.45497181643505,39.62556390653453,7.0,401.7448972558063,REBOOT,0.0,0,normal
24.25274383492968,86.44636343324038,28.02785328706281,5.209644701084143,21.92873215687645,40.036907971981876,5.0,365.50044816033164,GET_POSITION,0.0,0,normal
24.07283829300522,86.36453842919624,28.226369652010682,5.434646032501314,23.099231453518563,37.65322164495251,3.0,180.46778452834158,SET_MODE,0.0,0,normal
23.654527071132247,87.46541392435249,28.090840934894697,4.905475421627323,19.28129013973186,36.995331121504485,4.0,221.5189730251712,STATUS,0.0,0,normal
23.76367174614489,87.71437679783831,28.076291255985016,4.927570830582502,24.734880137420813,36.00571845407024,4.0,185.8010156039976,REBOOT,1.0,0,normal
23.593190148138127,87.42480419018824,27.935453602006802,5.440034767069693,31.632069178047292,34.432066852811694,8.0,582.6201626286781,STATUS,0.0,0,normal
23.49827825669831,87.06822041612092,27.77739150026135,5.151667355964502,27.414800172196976,36.48113055446177,8.0,504.3994400387801,REBOOT,1.0,0,normal
24.0176700286224,86.71134043547714,27.96872976841894,5.130870711440316,31.57125100356527,39.3029318621323,4.0,174.79359454764116,GET_POSITION,1.0,0,normal
23.76461941530102,86.78987664325771,28.180991223229586,4.642725048207882,27.64719126936994,40.41247032978255,4.0,263.82374367953213,REBOOT,1.0,0,normal
23.288819998340287,87.55568291432161,27.770924821511553,5.203618420783826,28.082438030058075,38.91481374740944,8.0,456.0226385562912,GET_POSITION,0.0,0,normal
23.870188544980888,87.5926413587522,27.841736594773497,4.7212590978470725,30.922236063235072,30.57718603949057,4.0,289.8217957740793,GET_POSITION,1.0,0,normal
23.57783483647591,88.1729352514728,28.01894016043511,4.659793944219513,26.13178977802668,46.29834543104937,6.0,460.5395032790391,STATUS,0.0,0,normal
23.724835488750728,87.88572002032384,27.85230178227291,4.895968526969987,24.43831803547936,44.34592049156153,6.0,384.1117951622991,REBOOT,0.0,0,normal
23.596534447344652,86.89696719219975,27.88112148293272,4.824262182965393,28.097972549866036,41.78303940486852,1.0,69.26451277253466,STATUS,0.0,0,normal
22.95830127900283,88.2621349554668,27.936460212740773,4.933520091684488,29.361520711365657,47.62996269021307,5.0,211.31816952043317,GET_POSITION,0.0,0,normal
23.01127476035187,87.32441420405374,27.79515738937148,4.567705509642525,23.560106071863373,36.090543530065155,3.0,187.23065460013885,GET_POSITION,0.0,0,normal
23.479951417283548,87.71836000364902,27.853881723067545,5.287644891940301,22.83529275297991,47.55050048250402,9.0,631.9223922079707,GET_POSITION,1.0,0,normal
23.37111513909383,88.12195285045314,28.105514187518096,5.338305888354928,25.41656809729264,36.139143692997806,4.0,239.4819439164966,GET_POSITION,0.0,0,normal
23.0647930317021,89.08078787403156,27.803894532665357,4.415797257757756,27.494496600794985,40.95495170116543,8.0,509.9360286413879,SET_MODE,0.0,0,normal
23.06653212312773,89.72359740631595,27.760319179825775,5.293537341699965,27.394273145984684,34.90465069946318,8.0,607.6634193859342,GET_POSITION,0.0,0,normal
23.47738274293637,88.5572546741745,27.905496253069916,4.756841411053512,20.727497199437202,40.05877638217747,2.0,95.84796576249596,REBOOT,0.0,0,normal
22.67667917205658,88.24710932649435,28.109793325376476,5.257092661094836,30.734818201189967,41.544665991993554,6.0,263.5791618124589,GET_POSITION,0.0,0,normal
23.079420127759747,88.69032294377351,27.970461728800466,4.979466052200075,23.076505211809447,39.38123867546178,9.0,608.6317007302205,SET_MODE,0.0,0,normal
22.727267205081056,88.95079688724954,27.930312838282656,5.0086326692242995,24.20480500933426,42.85550977636055,4.0,291.65582488359104,REBOOT,1.0,0,normal
22.6689316177068,88.4300596288251,28.006653819627342,4.944470705173634,22.29203692003654,40.39605779794903,4.0,296.07843017321017,SET_MODE,0.0,0,normal
23.14367847385982,89.57093730505225,27.738143885071054,5.363638761270046,33.094986507811264,37.910341086489964,6.0,393.99467930189286,SET_MODE,0.0,0,normal
22.98280872566576,88.87080788188283,28.074205848066256,4.628123596242491,25.726212010863904,37.732746728790644,13.0,953.2709774488178,REBOOT,0.0,0,normal
22.92683828814903,89.08657645054765,28.057515254710548,5.182352101620503,22.447074757955306,43.24365509046279,6.0,408.15940937358965,SET_MODE,0.0,0,normal
23.072742931671296,89.25207987193191,27.938603728885642,5.330399049466865,27.591770649887337,37.38503188077213,8.0,347.96061309017307,GET_POSITION,0.0,0,normal
22.508401536653103,89.21079330530723,28.150888676769462,5.214902024162123,27.3074073379301,43.66161188193975,8.0,563.8539225231962,STATUS,0.0,0,normal
22.722568239689608,89.49981096836021,27.830875585157045,5.697409674297026,24.436818929260347,44.89084717132772,1.0,47.17438758201319,STATUS,0.0,0,normal
22.27581265771654,88.85150243016027,28.169186348988035,4.84131597118259,27.52182013835015,33.32514455061548,8.0,395.7149896291113,STATUS,0.0,0,normal
22.480070219829354,88.96020323689261,28.023174049839287,5.287191446778059,22.524124117507405,44.53170554920414,4.0,223.1441003197864,REBOOT,0.0,0,normal
22.24918948849536,88.76792814712626,27.949517111518276,4.968172809397574,23.52124517515224,48.241690793778794,4.0,210.3307306122139,REBOOT,0.0,0,normal
22.29125349564306,89.61582243987657,27.997018954694752,5.370021822905801,18.96935003630181,41.00801504480771,2.0,105.73213906423297,REBOOT,0.0,0,normal
22.44209829282103,89.86301147952203,27.98391028512836,4.997693301283589,21.02814674734131,42.39633674117929,6.0,280.622285808971,STATUS,0.0,0,normal
21.828706111192353,89.77929541789875,28.183042434462656,4.883637265441259,30.422892417012058,44.14802129747663,6.0,310.5290513062906,STATUS,0.0,0,normal
22.945293229434252,90.46390490601765,27.838498130879348,5.391821661161488,29.924285883166945,38.89807073928391,3.0,122.35951079710581,REBOOT,0.0,0,normal
21.658666785937754,89.69948400892527,27.88562211412801,4.852531418294321,25.19736594594689,40.72912089415148,5.0,294.5821893376652,STATUS,0.0,0,normal
21.52853159637098,90.11163956141856,28.155445433810872,4.5761822723298335,29.988794341569513,34.74320188150756,8.0,565.9491068063381,SET_MODE,0.0,0,normal
22.430988922405962,89.30575824512084,27.91066975972242,4.844945935047852,24.519776540175087,40.55454011412181,9.0,670.4090529209424,SET_MODE,0.0,0,normal
22.238357700956882,89.73174195136806,28.13507996159974,5.18570988397656,24.269769092296276,41.99244798257816,3.0,218.4514270751326,STATUS,0.0,0,normal
22.125705354101065,90.34607699513457,28.254915397451306,5.417611625476128,25.16953194539667,42.06465209170588,2.0,113.31661751960905,REBOOT,0.0,0,normal
22.082183366712158,90.49519879456125,27.939730745958755,5.033338812588954,24.625235214029303,44.26169889439032,7.0,484.5194147258797,GET_POSITION,0.0,0,normal
21.78116324242854,89.99531740366021,28.102204348986294,5.395459120170208,24.354411029319458,36.900791287457885,6.0,309.093785782851,GET_POSITION,0.0,0,normal
21.382812107298392,90.1774582046426,27.82694615779902,4.592547523556722,28.43019432144866,37.86957297330601,6.0,253.33499345222828,STATUS,0.0,0,normal
21.72812870328245,89.52457211865166,28.11320999471017,4.867020960554629,25.45040696186861,47.58202938396542,6.0,402.233166093904,GET_POSITION,0.0,0,normal
21.383482283600866,90.17453025046755,28.029913597898016,4.913427464853769,27.137445293301415,39.39868650494516,4.0,263.80738635782495,REBOOT,0.0,0,normal
22.001387897638438,90.86704757492576,28.07095574232403,4.965632171758244,28.094141575831994,40.800135149249314,6.0,432.3910549110902,SET_MODE,1.0,0,normal
21.509968858055476,90.77753561100315,27.90316418919469,5.025228316475059,26.1645573869642,39.73195983309912,10.0,646.4424826811519,SET_MODE,0.0,0,normal
21.196509268988006,90.80759982436258,27.750837487664924,5.2072732872176575,22.089186022275285,36.71327669477991,4.0,185.10265999582663,REBOOT,1.0,0,normal
21.356540376210496,90.64873530299577,28.075487809712424,4.866557948548853,20.941402333107884,46.49411684356723,3.0,222.37948704602377,GET_POSITION,0.0,0,normal
21.609129721659563,90.69320015539517,27.690489527128083,5.041708606085938,25.446341904421917,37.889194352317574,0.0,0.0,STATUS,0.0,0,normal
21.177811177185156,90.42455783297248,27.95239742616362,4.986463132902784,24.486231085525198,35.49085790517228,8.0,578.4351036912012,SET_MODE,0.0,0,normal
21.034243633908186,91.16840334268566,28.141177279962996,4.722233028832655,25.262174286760366,38.197038890788996,3.0,212.89285444512487,GET_POSITION,1.0,0,normal
21.42092984429762,91.09295853667331,28.028784660380957,4.96589999327557,24.951837882254242,31.993175993097864,4.0,207.65831795601414,GET_POSITION,0.0,0,normal
21.38226250105652,91.19116802781555,28.292251396718473,4.956902141030865,32.7507209804997,37.39485014006727,5.0,214.91059497041047,SET_MODE,0.0,0,normal
21.042822564944053,90.7440228425182,28.153766372887265,4.950475830499086,21.009321233075987,36.127485608590696,3.0,141.18052909075018,SET_MODE,0.0,0,normal
21.019016761008324,89.99143720685532,27.901915241751162,5.009527836974435,19.030161190536624,42.4697145237093,2.0,87.42898674506006,STATUS,0.0,0,normal
21.262597759348164,91.67693190082866,28.004097006977716,5.022702062184016,25.99713050055883,37.30634304176051,8.0,397.8919782656436,REBOOT,0.0,0,normal
20.553408299731252,90.94835401386752,27.992894394618336,4.8703114462678005,23.870732336235413,43.55121574231539,4.0,233.52516368415888,GET_POSITION,0.0,0,normal
20.533044356866082,90.81496433139172,27.76267348549808,5.38181442019138,25.948203609189854,45.593935972277286,3.0,228.8172725977539,STATUS,0.0,0,normal
20.772568543465418,91.65082548481077,27.858940162527347,4.649155811239095,26.751649066852004,43.1247013451504,8.0,599.046001894603,SET_MODE,1.0,0,normal
20.93901715684102,91.16496005199922,27.915885863953022,4.783708967459031,28.85231408553669,39.138446844559695,5.0,343.71996301914567,REBOOT,0.0,0,normal
21.113747062463986,91.94695373406365,27.69456692457161,5.833989087267067,20.478322538848186,40.56445798682237,6.0,245.78696629147825,REBOOT,0.0,0,normal
21.545057514905086,91.78063892978793,28.007124020237747,4.688602593503231,23.32984630642851,33.90006023942376,7.0,375.58897636975496,GET_POSITION,1.0,0,normal
21.26405750905995,91.86819480595362,27.962639223302045,4.593873597587073,26.286283776642293,39.46488250991504,10.0,672.939370593808,REBOOT,0.0,0,normal
20.82364911161132,90.89682290664503,27.749065914803264,5.220343023500365,27.31139078706168,36.558246127732666,7.0,316.12809111493914,SET_MODE,0.0,0,normal
20.847205654063714,92.23827257313353,28.0606319297916,4.376864043867838,31.580348650865158,42.777305524597196,3.0,216.13054200190905,SET_MODE,2.0,0,normal
20.421549197080196,91.81452775692041,28.107380911703643,4.929417827008268,27.867111913341603,50.2910095569779,3.0,229.74884159851126,SET_MODE,0.0,0,normal
20.783470052626754,91.54996093913896,28.034055171829735,5.643747477522947,24.82963421234117,41.99928654389524,7.0,379.14924505859113,STATUS,0.0,0,normal
20.644296063649815,91.85607900292253,27.951389773718656,4.53651922335398,22.328692741172016,32.03543940418133,3.0,204.70116742366,SET_MODE,0.0,0,normal
20.85830521623261,90.94513391619503,28.088716322762778,4.405410654278386,23.307130441842943,38.55507922834251,3.0,137.7844959202456,STATUS,1.0,0,normal
20.368361883102242,92.08551958890325,28.102033054071505,4.55024563941269,23.22189153112868,40.48996370149782,3.0,202.89797389356326,SET_MODE,0.0,0,normal
20.87761158677428,91.41351747618447,28.046110535457952,5.269507870504095,26.96570088554128,40.34942970104105,8.0,326.8657319318539,SET_MODE,0.0,0,normal
21.254173496717222,91.29794016665232,27.876308162434785,5.337433015995744,25.77099233675749,37.07674749756499,2.0,92.06172054488808,REBOOT,0.0,0,normal
20.569368950844346,91.2582235905277,28.041490114826676,4.846223360906447,21.029051287473465,40.98116697054774,5.0,341.97628932173404,GET_POSITION,0.0,0,normal
20.745946724544943,92.61992493036637,28.17932209762382,5.204963721200321,23.6922955927287,35.02999665232245,4.0,273.896035660209,SET_MODE,0.0,0,normal
20.834306342719426,91.79217030949764,27.91050564120824,5.417076598253597,27.63264266035426,36.22036510925973,2.0,131.29301646761417,REBOOT,0.0,0,normal
20.371348609628605,92.91592497754554,28.314690900869866,5.536203924328948,26.054987064922177,42.58319056641484,3.0,177.28368292610438,REBOOT,0.0,0,normal
20.595666761228333,91.92245163886717,27.921155359902194,4.926099415646045,26.705933848038313,35.9373470764807,2.0,133.9926472937556,GET_POSITION,0.0,0,normal
20.485868110570113,91.37699118079169,28.004861052001022,4.309558484699004,26.14876513017179,42.15284642196903,6.0,425.7121915893092,REBOOT,1.0,0,normal
20.49531479455171,91.71174681181418,27.89912716059905,4.753736323277094,29.87929220382658,34.52214490137577,3.0,235.97779908440924,REBOOT,0.0,0,normal
20.123068798244805,92.92626947114427,28.03349062538804,4.871958741519423,25.70812919147311,47.05930353516695,6.0,453.2738475716652,GET_POSITION,0.0,0,normal
20.41872353530221,92.26777976607384,27.73866674610471,4.922318361026483,23.841931606387906,36.902920310383784,5.0,358.90684051322495,STATUS,0.0,0,normal
20.58538709472097,92.10795590659824,27.918093730177493,4.943642179697384,22.25273487659932,39.105333712786226,4.0,271.16120267429966,GET_POSITION,0.0,0,normal
20.94453817028408,92.49747994946068,27.836181819947715,5.335668379379201,25.748828374629134,41.32245304436162,6.0,377.7973309037681,GET_POSITION,0.0,0,normal
20.72630963580337,92.70272927949291,28.020300752183843,5.3823285280062745,17.67788795567475,37.73860018999562,6.0,268.9461176044599,SET_MODE,1.0,0,normal
21.183025403806962,93.04389553466747,28.149167106326335,4.948497903822565,24.447132994501864,40.573623844285216,6.0,279.73364210361433,SET_MODE,0.0,0,normal
19.99459787091524,93.24179058123373,28.096900928067182,5.329545462815545,24.382480420235968,42.3014268980805,7.0,509.67827698785186,STATUS,0.0,0,normal
20.630885722720354,92.36898372825414,27.644251095871166,5.107298409989327,20.906587439148158,43.84245293001394,10.0,721.3251648828882,GET_POSITION,0.0,0,normal
20.336353589723693,91.91614929707362,28.306310447939182,5.019351791858772,22.215202484032012,43.16598974389183,12.0,774.9402844672142,GET_POSITION,0.0,0,normal
21.1206385918113,92.4017195497996,28.04429199109313,5.271963247132989,27.428972590444722,39.312758144789306,5.0,287.7680265432307,STATUS,1.0,0,normal
19.90374252461928,92.7668413112733,27.88352512892605,5.021675614471374,25.692135247224886,39.41347290382559,7.0,287.2891419506096,SET_MODE,0.0,0,normal
19.87416370155025,92.18203663541861,28.02356918784864,5.617343353129328,25.30536500112198,49.396434232100134,10.0,530.8707770114175,GET_POSITION,0.0,0,normal
19.953934462130796,92.21151811005903,28.026428473375404,4.5684766499616325,25.91904260179607,43.799556272997165,2.0,113.65117260522543,STATUS,0.0,0,normal
19.328423009701382,92.88712386169445,27.899972692457265,4.845448730272395,25.27788276384677,36.312705374719144,4.0,237.7306057877473,SET_MODE,1.0,0,normal
19.95262189401338,92.71499557991768,28.02968750010131,4.962044330913815,28.728587688574944,40.39995265506221,6.0,463.03790365469024,REBOOT,0.0,0,normal
19.84486830399854,92.77876430791376,27.908879156856955,5.1318358071373975,25.370287545110948,38.65942744488723,4.0,177.39350396802286,STATUS,1.0,0,normal
20.194933161691363,92.40511129728856,27.939345701096496,5.380388146130927,20.625360658543748,39.45866306430756,5.0,303.7733839559541,STATUS,0.0,0,normal
20.25839098938979,92.69009788437083,27.897058129636736,4.992680429829153,29.890389894623233,35.08201936916765,3.0,164.15067563499358,GET_POSITION,1.0,0,normal
20.859730332017325,92.3630642337363,27.785099306539053,4.573331105148138,26.111020801986538,38.35230706245619,3.0,238.81177430592618,REBOOT,0.0,0,normal
20.477667056494525,93.28910317161024,28.021875470532308,5.252754168936502,23.2322388076148,47.24622309277565,3.0,223.42368195394863,SET_MODE,0.0,0,normal
19.855635304202973,93.37938984101318,28.08779491547745,5.226487629842589,21.239794845114943,42.31630520350201,6.0,345.308605017341,REBOOT,0.0,0,normal
19.716595366399616,91.95536809297862,28.077232539411455,4.417442402186178,26.187742662874136,30.03535436739416,5.0,399.939121870952,GET_POSITION,0.0,0,normal
20.26296000803971,92.42933682680443,28.122988787895284,4.99885875989876,24.648483985076872,44.866893969991786,9.0,545.0627687297387,GET_POSITION,0.0,0,normal
19.528998119706184,92.16038912843186,28.04865103150223,4.522957450795911,29.722440358097227,44.35851809163665,1.0,46.68471186365603,SET_MODE,0.0,0,normal
20.78124316263389,92.59713258272912,27.920091175267466,4.800604670749381,23.962278157999517,38.562858782774335,5.0,311.1749383653429,SET_MODE,0.0,0,normal
20.512674290582208,92.8928438274349,28.125949579664677,4.72915732191116,22.4878576309526,42.86905417513286,6.0,294.2893837928751,SET_MODE,0.0,0,normal
19.846137950448405,92.22108425208627,27.79637236902371,5.242779409472596,27.687388654707785,36.5624031567312,5.0,327.2625680152504,GET_POSITION,0.0,0,normal
19.342136711522283,92.49524525638353,27.86489929262313,5.035049052251655,27.775845678150496,38.11897713493457,8.0,619.9808559628561,SET_MODE,0.0,0,normal
20.563194996417142,92.46338763915769,27.855369989286512,4.614322699773192,25.505954102830586,45.99418544267942,4.0,285.79177229360454,SET_MODE,0.0,0,normal
19.970759621676425,93.07711276905552,28.162008408870896,5.264019788887203,27.029071143024726,38.91307984052116,6.0,305.55928570057324,SET_MODE,0.0,0,normal
20.507306273490265,93.01518457059672,28.141418277121012,4.569858252821476,24.886938637773287,32.52107335218004,5.0,259.3717249932014,STATUS,0.0,0,normal
19.37068814512591,92.62559648950152,28.07309578555675,5.099034137141283,25.70159530302774,39.746787108874656,7.0,299.4006968652874,SET_MODE,0.0,0,normal
19.765664434125867,93.07974732677789,28.16078947978177,4.755796799212534,28.494972647691768,39.68564642834257,4.0,205.73885370340437,GET_POSITION,1.0,0,normal
20.005143344791794,92.72178657385913,27.868107582638203,4.890296875240844,26.875955002064508,44.793474277493836,7.0,305.93494390978884,STATUS,0.0,0,normal
20.020146031608586,92.86200637427267,28.05228926797915,5.151281224411515,24.492176685002125,40.05734568870304,4.0,239.91179509210286,GET_POSITION,0.0,0,normal
19.820312271389493,93.83618450917936,27.981223835742526,5.156434819717859,29.05708763777845,38.31367075423883,5.0,341.6694158996515,REBOOT,0.0,0,normal
20.249139972939,93.67023052589518,28.12703231558274,5.4010907220667885,17.905433881625463,44.18022458092482,5.0,350.2362322998317,STATUS,0.0,0,normal
19.57329028822815,92.3496678455663,27.98271636511717,4.975323890098564,31.156219934265806,40.48316093000444,5.0,211.90584644963582,SET_MODE,0.0,0,normal
19.944402000094172,93.41270013837529,27.942258566738488,5.091935258889002,19.882122715327796,36.99990927373713,6.0,321.5894155771685,STATUS,0.0,0,normal
20.05116411758928,93.40082489339855,28.08113627778415,4.868678803278702,23.118721525683114,44.61999024216647,5.0,257.63435330948676,GET_POSITION,0.0,0,normal
20.211189976930875,92.41720524633189,28.131425375078685,5.054596964786839,24.87724739441479,40.774647058067195,3.0,132.51603875848014,STATUS,0.0,0,normal
20.293105159879214,93.39585408804757,27.89974822077298,5.131845814402554,24.560557987815518,40.01170386671775,3.0,163.4965573118407,REBOOT,0.0,0,normal
19.562322911965733,93.74947836128486,27.990838649297142,4.9705070457636875,28.019233120079665,40.711633565646615,5.0,259.86402182784724,SET_MODE,0.0,0,normal
19.402929891483222,92.41220670123384,27.841233904953754,4.458874854772251,21.8264901441693,35.717326514333614,4.0,261.5198766942843,SET_MODE,0.0,0,normal
20.53271677551038,92.5066149146913,27.62529084737606,5.099441268899269,25.78230045244919,37.88938489528665,5.0,376.66053274674255,REBOOT,0.0,0,normal
20.16031612795047,93.46500589636793,28.03006894471206,5.1093684432066375,23.26536370534074,40.01433040733113,2.0,116.38733766985726,GET_POSITION,0.0,0,normal
19.734413596667665,93.08165451734837,28.091335803438195,4.795947957095615,25.88542293801225,39.22134521990128,8.0,558.932855285382,STATUS,0.0,0,normal
20.661359032502702,93.21030094994987,28.039310021363008,4.614683889178246,24.80568322060637,45.08971353126638,4.0,183.3616587377079,GET_POSITION,0.0,0,normal
20.09492951000929,93.09243915813282,27.707565742336843,5.44276374515119,25.278806958048932,40.86962341090801,1.0,75.7986551457546,GET_POSITION,0.0,0,normal
20.52881027613997,93.10400171644098,27.94737258548853,5.147433653268321,23.350225502606964,43.41961569054561,3.0,138.31136858581107,GET_POSITION,0.0,0,normal
20.09319973200115,92.2308561927451,27.667247835992338,4.931275690723487,23.469808149711753,40.0375814183034,6.0,286.1042833438534,SET_MODE,0.0,0,normal
20.900260404891753,93.40212087740838,28.205455166148127,4.658890135055754,25.86181754208228,44.22515393498449,7.0,309.8098650045494,STATUS,0.0,0,normal
20.788533103445218,93.4465601698652,27.83709181268229,4.753455551473596,27.831146517268134,41.59011102629262,5.0,261.9359003041073,SET_MODE,0.0,0,normal
19.997911861828474,92.72930859401382,28.188310541418986,5.390777119035869,23.205161997406456,40.05368194155384,3.0,186.28925360586314,SET_MODE,1.0,0,normal
20.497890376712714,92.80344233096352,28.141880446552623,5.0412985822604135,22.39369736628127,39.94686764416392,5.0,397.59882228126537,SET_MODE,0.0,0,normal
20.37983897891299,92.03974449019584,27.864911447119592,4.834823879899788,26.84038049701551,36.182245494836145,4.0,286.93888554520703,STATUS,0.0,0,normal
20.68222827011382,93.04148634264752,27.830082257309837,5.152906769367397,24.902488320826933,42.02766288054524,4.0,220.86972846271712,REBOOT,0.0,0,normal
19.762551984387976,93.04839453106504,28.05255553245795,4.755680543766103,27.491494401957855,39.83918106185448,2.0,126.06768463228563,SET_MODE,0.0,0,normal
20.437344486685056,92.70822624720326,27.87335139442254,5.450252909084114,22.282608359886556,37.99203215927518,3.0,194.79696371270495,SET_MODE,0.0,0,normal
20.60135109416514,93.27740660085476,28.01537269632373,5.405840160469017,19.661683223729707,44.425847083248286,4.0,291.63635539957556,SET_MODE,0.0,0,normal
19.49019572573916,92.52305495201658,27.927575861378962,4.860027778639167,23.400987754520997,34.999135896420796,6.0,416.74842850075214,STATUS,1.0,0,normal
19.736749033356244,92.94621906147071,27.732826237830157,4.8113989258907415,22.700942172204954,38.310016418270266,8.0,502.1731606307649,STATUS,1.0,0,normal
19.4113689676573,92.1268688886358,27.66542979713133,4.214560040392316,24.7636347997591,44.11087499511813,5.0,333.8366054079313,GET_POSITION,2.0,0,normal
20.13695468474641,92.5966760549241,28.034002637274188,4.55552576853459,23.08946435718883,41.26209176368101,2.0,139.673408877032,SET_MODE,0.0,0,normal
20.550033689746737,92.49199601116321,27.915766338050407,4.598159067512674,27.223050854009347,39.80856428938897,3.0,135.97728709600852,SET_MODE,0.0,0,normal
20.882900288870495,92.66152201216914,27.91703652746288,5.040557102296216,24.13554921273245,41.004014172600584,6.0,288.10931071329117,STATUS,0.0,0,normal
20.33117480823837,92.3327775018706,28.10437957586407,4.902129888667592,25.451423496321702,40.71765668419537,6.0,405.26022933780405,STATUS,1.0,0,normal
20.97319863903086,92.41945982888042,28.176016341494865,4.5963993537754275,25.472903675322833,33.933349814856314,9.0,666.1532023155476,SET_MODE,0.0,0,normal
19.79056072208333,92.8648614971299,27.95911829179573,4.915650787260633,25.584865277236563,38.60295245860815,5.0,281.85245653995355,REBOOT,0.0,0,normal
19.682727751424,92.1990887179152,27.94891019396352,5.1516011442942045,24.92761266863508,46.466086618054995,3.0,237.5868386965447,GET_POSITION,0.0,0,normal
20.363968698664138,91.57881100447419,28.075021454967082,5.158351804974676,26.531802071230942,37.36270346089133,6.0,291.85721584160945,GET_POSITION,0.0,0,normal
20.562545645174353,93.22052080714491,27.796459664545065,4.430098915742335,22.613034598522578,38.726795943582665,4.0,226.6718851269502,SET_MODE,0.0,0,normal
20.419194812549357,92.99909070048605,28.033472958212155,4.9615209558548505,29.19825377996165,37.83351694676325,5.0,275.7046086926506,GET_POSITION,0.0,0,normal
19.629267515116226,91.62387768423571,28.082782895773324,4.584997766908517,24.290387849894394,39.65193910672745,4.0,308.84735051622863,GET_POSITION,0.0,0,normal
20.44518313445228,92.57552406221076,28.102034531262646,5.270518609142082,21.065352586303955,37.66750867470281,7.0,359.9059849203111,SET_MODE,1.0,0,normal
19.98424196830222,91.93886498511768,27.70948709462463,5.235243924906049,25.56422007097532,41.94696600863224,9.0,529.4846800951976,GET_POSITION,1.0,0,normal
20.799705817914955,92.28080473025283,27.88579670952866,4.730591832102663,22.446458552657546,40.78925364916107,6.0,284.93612150767905,STATUS,0.0,0,normal
20.704888044473716,92.25391407085078,27.86826051207648,4.77018643927988,26.996003603526624,43.094190460428074,5.0,304.25324771248876,SET_MODE,0.0,0,normal
20.209310121174422,91.94637684271326,28.014983043161383,4.861619884850508,31.628816728127134,35.796235335244155,2.0,148.59233355708727,STATUS,0.0,0,normal
20.407326243292413,91.62752035084345,28.072111686965197,4.324161981580598,22.640283725326448,38.63863806846839,7.0,365.131049329358,SET_MODE,0.0,0,normal
20.21739252276061,91.62900478341597,28.224506561116897,5.100790452032173,25.997116999671956,39.09710947355146,2.0,144.86336577302626,STATUS,0.0,0,normal
20.64480134216854,91.47010727253488,27.92575517794479,4.918146636097961,19.73348323388612,41.82258764035438,5.0,382.2623164351252,GET_POSITION,0.0,0,normal
21.081311188723667,91.4652820790477,27.92536412525362,5.2910525247703575,26.36171568832404,36.827115211171865,5.0,214.59157794291272,REBOOT,0.0,0,normal
20.334927373563154,91.79966238761952,28.17245080283181,4.670477234611234,22.34285860060093,43.66261521703338,4.0,281.0279258110802,STATUS,1.0,0,normal
20.961378125425007,91.42650477469604,28.044486540779545,4.81426311552502,23.12549614469655,44.74566236207043,2.0,100.42747489203927,STATUS,0.0,0,normal
20.578772259674736,92.07562554161836,28.190147726678195,4.548042422588265,21.696140530480516,36.04451060945767,11.0,517.1441715161168,REBOOT,0.0,0,normal
20.50541181003038,92.42752556897145,28.043309200451475,4.698712830951724,27.196453678164207,38.03650842042574,5.0,320.2244784050072,REBOOT,1.0,0,normal
20.811999993242967,91.3422739597553,27.826432507193008,4.645405401179534,28.02191307241979,37.87227396683163,8.0,545.7928371931839,STATUS,1.0,0,normal
20.47352759462894,91.69950301251299,27.800030746783328,5.298792103653934,25.07015564397552,50.529544818709994,10.0,557.9043942940855,STATUS,1.0,0,normal
20.69953393764026,91.77625269950484,27.76727316264116,4.790521445374583,22.406719883992842,38.28039957916845,10.0,415.6694828328762,STATUS,1.0,0,normal
20.475763871089725,91.70813709045922,28.09930777521377,5.037252705423384,29.76856910831159,46.71050176862454,5.0,381.7409048393586,SET_MODE,1.0,0,normal
21.77527408939134,91.4549631759984,28.17828952346305,4.8857709788414585,22.74876961673603,34.933472019573564,2.0,138.45975334779962,STATUS,0.0,0,normal
21.03850143831445,91.73230758113864,28.277404321207957,4.619160420196156,18.513903100217682,36.041396135342545,7.0,356.0667058712441,STATUS,0.0,0,normal
20.78005602876936,91.5452105051941,28.126465799848486,4.949509873048507,26.375167029871204,37.2535818726072,7.0,419.12187960852714,REBOOT,0.0,0,normal
21.18162183091039,90.62752100224962,28.17442578663025,5.179730999559078,21.685675979075448,36.61724275421391,10.0,411.1171159868312,REBOOT,0.0,0,normal
21.08771081645385,91.62235077406635,27.91299755010195,4.637672182236995,27.965826380497525,38.92840506336601,3.0,160.71393381671302,SET_MODE,0.0,0,normal
21.08138994459182,91.57200096358518,27.82653762748842,5.242733837219413,23.856586909979743,37.164887189114005,7.0,426.3098659638331,SET_MODE,0.0,0,normal
21.453098763273022,90.68646561470167,28.127511899862633,4.745083723556691,26.81113972163259,36.722633629061704,6.0,364.1336676279,GET_POSITION,0.0,0,normal
21.548602919111424,91.02600918157579,28.06265211283591,4.855104822178148,29.204501039656474,44.63388798589331,2.0,96.6547902406833,STATUS,0.0,0,normal
21.072075413568815,91.2868231002247,28.016116656151134,5.159204936903015,21.373423406137835,44.89517449005266,2.0,142.13978929471125,STATUS,0.0,0,normal
21.09312766344298,90.77781515468895,28.058105722094947,4.800969152834154,23.302188607322783,43.797185993501266,3.0,155.8634590231972,REBOOT,1.0,0,normal
21.2531111132741,91.3554781564674,28.04847782236873,5.01127245780076,24.77298678202881,42.095995822337315,4.0,252.86560370847562,GET_POSITION,0.0,0,normal
20.48253253241251,91.9366546500189,28.192572528978033,4.905592751363573,29.61265395710303,40.37097226311821,2.0,101.72177804303799,STATUS,0.0,0,normal
20.83788071506989,90.29667555976361,28.194247837722543,5.038810402011146,23.024851846178663,38.011877237336364,9.0,513.0604342752373,GET_POSITION,0.0,0,normal
22.031844419849502,89.9333261578284,28.081633052851053,4.285778268342951,23.21648891215298,36.18736998097963,7.0,338.10409507006443,SET_MODE,0.0,0,normal
22.184695233105526,90.70917626147441,28.126870430884438,4.451095455437575,26.434421726667424,41.45198281373075,8.0,522.5624936102522,STATUS,0.0,0,normal
21.469177394833782,90.85071435551295,28.077109382863718,5.184790101814052,23.268313822868286,35.30547842981281,3.0,171.0701232169621,STATUS,0.0,0,normal
21.841962789493643,90.30642280624348,27.930824540194806,5.311154421694715,25.45757764869285,36.024316283298425,7.0,284.512845256574,SET_MODE,0.0,0,normal
21.778847030023122,91.07967518253139,28.11348470123697,4.726853988940544,20.34538773709562,44.61165302481924,3.0,123.37979928201193,STATUS,0.0,0,normal
22.92935920338705,89.61420609213044,27.79082573967111,4.9267914943486595,31.64298982766979,47.60259616688835,10.0,588.4537273885688,SET_MODE,1.0,0,normal
22.189543820466554,90.55971714208745,28.158083732844382,5.088415775870691,20.95687230907179,41.573180552665924,4.0,189.3161387048567,SET_MODE,0.0,0,normal
21.734894914974994,89.83937046711287,27.820821559035096,5.2079652804976115,24.034741888029377,44.42582860917858,7.0,443.81177348052785,GET_POSITION,1.0,0,normal
21.448628986766277,90.93033669229334,28.04287049301921,4.391696818498746,24.902556892473715,39.01660673022407,2.0,112.65534254176171,REBOOT,0.0,0,normal
21.23347889917717,90.99456579293575,27.873226906236077,4.734187925906487,30.73806440307039,34.649303255649265,2.0,132.35358684317782,REBOOT,0.0,0,normal
22.003078077718595,89.5419635087136,28.083008347461163,4.900226186045037,21.02546265720178,42.448686474474336,5.0,390.47903481279036,SET_MODE,0.0,0,normal
21.66520427489221,89.57683011523622,27.994911216110815,5.210942059170815,30.951112406436252,42.27715729308026,10.0,611.4944539181015,GET_POSITION,0.0,0,normal
21.445305557646996,90.20706267711219,27.7607866062755,5.7495291451164485,27.271530463306068,40.286674215520975,6.0,428.9708648616239,SET_MODE,1.0,0,normal
21.80244458484062,89.50871669344502,28.06310494465277,4.9315982819570845,26.251285973269738,39.03049816757955,4.0,280.48655941054994,GET_POSITION,0.0,0,normal
21.67571911771431,89.60395308037778,27.913311883475092,4.577906761368803,22.046098938946134,43.84884231432439,1.0,76.8716441729546,GET_POSITION,2.0,0,normal
22.830851038514766,89.56310319509403,28.132172008122005,5.1206804231603895,26.713423726114222,36.057067866290105,8.0,388.48571751616197,REBOOT,1.0,0,normal
22.556691385426042,88.51370664966716,28.00019885331016,5.396298736862213,22.8295401327406,36.904877684437366,5.0,365.46539415698817,REBOOT,0.0,0,normal
22.249266053119324,89.38915295151934,28.059313147808204,5.03240423629385,28.799983759595236,35.96757397295829,3.0,228.6624454205624,GET_POSITION,0.0,0,normal
22.893224365798446,88.97314137658,27.85636465674772,4.728005436453712,22.0868139126768,40.33989185054331,4.0,222.84207695161243,REBOOT,0.0,0,normal
22.38135100189302,88.99279270266575,27.911600165285897,5.287398182444006,24.66052451663175,35.648427951562965,3.0,157.65794335187618,GET_POSITION,0.0,0,normal
22.055405679822613,89.88194502516814,27.931204204584837,5.199063685549531,23.334180735960487,37.26303127793903,3.0,234.2443091613945,STATUS,0.0,0,normal
23.059036682079487,88.45208727098579,28.128505372036383,4.692175746741313,22.037431112719016,37.17697775109121,4.0,260.4212515422189,SET_MODE,0.0,0,normal
22.715564017473863,89.40660259337399,28.251606563170824,5.114427685260303,27.223959450723743,38.957566670664164,4.0,220.90823763863494,REBOOT,0.0,0,normal
22.135652947078977,88.77963628073881,27.879224237238567,5.2991796702976615,26.6063762422289,34.050502214384096,5.0,358.365544186326,SET_MODE,0.0,0,normal
22.52529896251533,88.69782482175405,28.161527221698652,5.354567012767668,28.62703059670299,40.348819968149066,3.0,156.53686819388582,REBOOT,1.0,0,normal
22.30239488471664,89.150958450313,27.674548387341144,4.9800653074071635,19.660374675375497,44.98921460265871,6.0,282.3378206567669,SET_MODE,0.0,0,normal
22.151047840679208,88.84335727438054,27.820871589836155,4.892576166146204,28.19251210702313,40.54196548926705,4.0,247.0351417276329,SET_MODE,1.0,0,normal
23.126475118010347,88.87569994021347,27.856183231571983,5.368182146624378,32.51634671607068,46.165284579205284,6.0,375.8908907785448,REBOOT,0.0,0,normal
23.571910922242665,88.99106150457906,27.797123696583892,4.636951849105735,23.64507673246916,45.3359927435077,6.0,438.1791557441611,REBOOT,0.0,0,normal
22.301154145764073,88.25741592794157,27.76246174153186,5.131573787276301,30.68544583632691,43.11094018899142,5.0,291.405471004086,REBOOT,0.0,0,normal
23.138495422267138,88.03258926860067,28.06194983682067,4.588992011790671,24.21051618382052,40.29874337054754,7.0,508.08423106149564,REBOOT,0.0,0,normal
22.70605975697227,87.71131788132749,27.96788984534082,5.319612881677881,20.88277078731608,40.09000155298176,5.0,262.2645358696677,GET_POSITION,1.0,0,normal
22.824751016298336,87.75593286332378,28.056910809640765,4.922586345316652,24.083102672779614,43.05519908945304,6.0,378.08836852267007,REBOOT,0.0,0,normal
22.83619609959221,89.55750134179394,28.10357090291823,5.380574970694241,28.144611903025826,38.43331756198387,4.0,193.35564462411452,REBOOT,0.0,0,normal
22.78137072504851,88.61919253769571,28.03984254897588,5.147423826906658,22.485470553005406,32.469916994130145,8.0,443.3427042933108,REBOOT,0.0,0,normal
23.20044262641217,87.2348084565212,28.098664476422556,4.633033930981421,23.19898402298054,41.96801621641184,11.0,817.3174670464546,STATUS,0.0,0,normal
22.90296712986624,87.16221553933919,27.98957015706366,5.427388319623173,26.780618296879574,35.47572548026012,6.0,291.8371664245812,SET_MODE,0.0,0,normal
23.39808201368359,87.9770941774646,27.82195099175414,5.465373579928319,25.00918035021572,36.15143508723846,3.0,217.22873554791212,REBOOT,0.0,0,normal
23.32458766679555,87.92213974176866,28.15867212712312,5.264685947779765,26.753868857460223,40.000895791983154,4.0,205.25946525558498,REBOOT,1.0,0,normal
23.304111422468576,87.83493689171445,27.91163318008283,4.771523640489134,25.71348862227501,39.61950048978612,8.0,331.0367102974252,SET_MODE,1.0,0,normal
23.091889563308623,87.34465805822273,27.859660555185638,4.908195813692777,26.43887595865472,34.35169757473748,6.0,266.3842968136431,SET_MODE,0.0,0,normal
23.279640062580256,87.32071511830641,27.97331231862934,5.043628165221728,23.703096442571375,40.66196625653256,5.0,349.1759090641576,GET_POSITION,0.0,0,normal
23.868140326774853,87.45836562376839,27.863078362105522,4.78888688020057,25.695192826091176,43.86455864344419,6.0,302.89702236051556,SET_MODE,0.0,0,normal
23.822180095964754,87.24804534968267,27.937385442701586,5.5077039717389615,22.2178809829122,35.48663371893687,4.0,264.66329475860357,SET_MODE,0.0,0,normal
23.28680709189457,86.00582310992384,28.05160808823452,5.043297941517811,28.865300867510165,45.08993332339504,5.0,339.8397805514466,STATUS,0.0,0,normal
23.773757081647677,86.91066152955082,28.05225126088692,4.188995585867793,23.09717584954806,33.75931669948022,14.0,753.2663400834235,GET_POSITION,1.0,0,normal
24.090945371350376,86.50967194766717,27.865325490036156,5.101806743826866,28.38654246264817,48.46929657748382,4.0,235.98703795378242,STATUS,2.0,0,normal
23.17915853383925,86.93253267539379,27.92684419405769,4.895552780954806,24.299179117051402,38.354958278066064,6.0,336.9041017093945,SET_MODE,0.0,0,normal
24.120950956012457,88.24685849480493,28.161149950715537,4.977522033164465,25.605997032271965,40.58246798730757,2.0,155.78791970836272,REBOOT,1.0,0,normal
23.695392042332863,86.84703435927925,28.07446001766009,4.88941419026429,23.515106347327897,32.43186571005732,5.0,263.98977247031746,GET_POSITION,1.0,0,normal
24.24565641977311,86.41536803317645,28.31125975590228,5.242113924982006,21.95201370649591,39.751455734122764,5.0,236.66460844499215,SET_MODE,0.0,0,normal
23.769221722159422,86.94166013534634,28.17701922606123,5.335906333566014,19.765718837184096,40.91392871087277,4.0,218.49485486009252,SET_MODE,0.0,0,normal
23.409806271399543,86.63052936494005,28.17164396028399,5.0849159486775966,21.83402752422262,39.65535158360202,3.0,200.34188491224148,REBOOT,0.0,0,normal
23.538093409318897,86.50747063007046,27.79181971743163,4.898206643858552,24.028273440352233,37.747675691790505,6.0,407.3670456867516,REBOOT,0.0,0,normal
24.265805417417134,86.50891099460371,28.114579052745015,4.987598838557249,25.63563753648665,36.21374192588874,5.0,384.81146307200135,REBOOT,0.0,0,normal
24.408023495888262,87.14165659009531,27.992033979745464,5.005879884973289,28.031137939849792,44.52210647814924,7.0,526.8912557652266,GET_POSITION,0.0,0,normal
24.00006511065526,85.45568896522181,27.91735272946926,4.759270988040549,23.662727620609452,40.1232285399918,8.0,412.2625665335282,STATUS,0.0,0,normal
24.6749724128848,86.16555935140755,28.02520230107988,5.173678594571371,22.354117707198476,46.16300950606709,6.0,349.2391797522231,GET_POSITION,1.0,0,normal
23.812749658754147,85.37303714115046,28.141781730191724,5.13801269715814,20.67185564199186,37.894070580820305,5.0,349.45379763668683,REBOOT,1.0,0,normal
24.508818775894113,86.02135521060625,28.075124738650633,5.462132371933002,26.440190853712313,38.26082122651113,8.0,613.291929792648,GET_POSITION,0.0,0,normal
24.108800146755723,85.19152614159982,27.86822892979869,5.376604934086543,29.14958354598803,43.26237697838465,9.0,481.37940462848104,REBOOT,0.0,0,normal
24.39048318815851,85.34936838315046,28.111368837038892,4.794297524722961,28.798990803868865,33.508100151985744,3.0,173.33297210123953,STATUS,0.0,0,normal
24.728235323974186,85.31761367416485,27.904361868688607,5.24608951235269,27.129798244441712,35.146146559388306,5.0,379.8956540907218,GET_POSITION,0.0,0,normal
24.42320809289768,85.86011085725433,28.032502467844644,4.714713985071659,26.915629951802796,44.38993988541265,2.0,108.67870985267382,STATUS,0.0,0,normal
24.671680298795565,85.73842319559121,27.95449748987843,5.208779630282255,30.092871339128024,35.31226428310722,6.0,355.3231166860166,STATUS,1.0,0,normal
25.28617234181549,84.56329296276927,27.967170062239656,4.845015740371967,25.99624438425043,32.723795938789806,9.0,685.6214908385083,REBOOT,1.0,0,normal
24.711066923183754,85.1205491819111,28.114936446256078,4.693024032987324,26.938389028072514,47.474108752292366,5.0,360.44864359796964,GET_POSITION,1.0,0,normal
25.334276844826057,84.64521007262542,27.843970942027614,5.084013602809222,24.037648414444003,34.424729408503175,7.0,348.1606590027448,GET_POSITION,0.0,0,normal
24.606293587143934,84.27766541825116,28.29177926114154,4.197629861553758,20.913869887435727,40.73647759331268,7.0,370.94261831534135,STATUS,0.0,0,normal
25.32826645303639,84.70533982379537,27.726837089605826,4.4747073276784315,22.94845329850127,40.276340770897086,3.0,162.3550472951207,REBOOT,1.0,0,normal
25.75112493177566,84.56656263215208,27.91034984751177,4.946752434867715,24.972522884396035,28.757486733527664,5.0,382.5476946862119,STATUS,0.0,0,normal
24.24396876093782,85.8411557455908,28.05553178349126,5.024732529990453,25.182356117503907,38.93073190732876,5.0,399.78674742090783,STATUS,0.0,0,normal
24.971966042364187,84.75132128139653,28.087647124965297,4.8892043689525435,30.77885756456618,41.79365299791644,4.0,283.8406883448704,STATUS,0.0,0,normal
25.57961121959284,83.75313945966988,27.984928641914244,4.52616911038472,25.243831502773205,41.41723752607544,5.0,296.86526049870133,STATUS,1.0,0,normal
25.325575218922094,84.06674360057166,27.99139139454977,4.754632447358448,28.536530332076932,43.614082735214005,4.0,161.62781089079664,GET_POSITION,0.0,0,normal
25.61320765399548,84.76709276027957,28.06158251279914,5.117362798171218,23.694768275271052,38.450034740378264,8.0,543.1961781113464,SET_MODE,0.0,0,normal
25.281048241651934,85.20799368029373,27.965339578381347,5.174534531188509,24.064972342704298,42.850017768368645,7.0,389.0211260593797,GET_POSITION,2.0,0,normal
25.61510048561531,83.27826503087917,28.208977188690238,4.995133064721218,21.012977088329656,37.24268372767971,6.0,391.91675285486525,REBOOT,0.0,0,normal
25.575937345146137,83.03890462454572,28.12590236713474,5.347050134311097,22.773015961370284,34.3581303343489,7.0,449.87430976948,SET_MODE,0.0,0,normal
26.16297832946425,84.82209778000538,28.130923652650846,5.11921910703777,26.580944174091258,34.80908649727507,10.0,592.3328226297549,STATUS,0.0,0,normal
25.8551968985679,83.98932139068958,27.855076491494437,4.775763303812536,25.0226805411824,34.15155817921834,4.0,311.1019836362117,GET_POSITION,0.0,0,normal
25.945930680357915,83.26843024921727,27.988091736339143,4.915849383976515,27.8288158596917,44.03834387156478,9.0,368.332684327923,SET_MODE,0.0,0,normal
25.703490101885667,83.87812912172578,27.954930107691894,4.579140152837644,25.54376184503515,33.94170596376577,9.0,616.3676944101318,STATUS,0.0,0,normal
25.730432125594575,82.20136674613386,27.84915979364658,4.967558302882575,23.942638805086773,41.096155362597216,9.0,507.5423525878365,GET_POSITION,0.0,0,normal
25.8095597725363,83.42955487703595,28.054024627591865,5.333630185766402,31.444890591360878,38.93630322371027,3.0,205.65485405899338,SET_MODE,0.0,0,normal
26.197339311040118,83.50061705987946,27.919353136333026,5.2055870254132905,24.71828929386086,39.589405706197475,3.0,201.0263577047558,GET_POSITION,0.0,0,normal
25.927999328611413,83.7079060762657,28.098310574477537,5.420602797775737,28.48900290911591,45.4544291807988,8.0,323.27616082431854,SET_MODE,0.0,0,normal
26.268989296470767,82.64812505791421,27.83947126556585,4.909134426860302,23.796372380365966,38.246290531138904,6.0,308.4812388419211,REBOOT,0.0,0,normal
27.039769797456515,83.10746841590435,28.25785609192627,5.403829938354277,27.1287984381507,42.446406246198734,9.0,428.0729473813609,GET_POSITION,0.0,0,normal
26.614425721896684,82.51172634213178,27.86555010121119,4.942008732065609,27.78404697745506,40.150253405524445,2.0,93.35890823539938,GET_POSITION,0.0,0,normal
26.191761397318874,83.01221858153954,28.032895350580066,5.4414755247709685,25.625475911726742,39.39192437746921,6.0,414.8344041890719,SET_MODE,1.0,0,normal
26.85867234795057,82.3472279922825,28.11877889655821,4.993442975767363,17.936551231910194,49.199876497545894,2.0,99.16410792744998,REBOOT,1.0,0,normal
26.270786014346832,82.50152371873116,27.914403935469984,5.212169412141283,25.05475738256834,34.23463301713852,9.0,530.9055413954284,GET_POSITION,0.0,0,normal
25.674401591121267,82.11865005429702,28.127870296514942,5.442533709292957,28.691380143279925,45.15652734174978,6.0,299.2773588685631,REBOOT,0.0,0,normal
26.141850447507775,82.85343216591225,27.815622460329937,4.941971711425638,26.582442499083193,42.62562626195989,1.0,63.2093529374132,REBOOT,0.0,0,normal
25.85199259037452,82.86873058427256,28.217817654877383,5.065516696263252,26.33751662568774,38.08190002147286,3.0,206.46885216719613,GET_POSITION,0.0,0,normal
26.514711695808263,82.23418237194164,28.002122389744862,5.38665902756189,19.83322919812744,46.51727406976645,4.0,212.97195819170824,STATUS,0.0,0,normal
26.717468068304164,82.28295785087468,27.91053828880467,4.960099050820981,22.838634787974822,32.607559550445856,4.0,256.4833357259395,SET_MODE,1.0,0,normal
27.435227748479456,81.45225977497229,27.955122734135884,4.603732315248152,26.234072893454318,37.912933370803714,6.0,437.96514585929737,GET_POSITION,0.0,0,normal
26.94973697427142,81.9398160363714,28.121337890408906,5.642902116375473,26.231149830360675,35.166071182923694,8.0,350.15177125263733,REBOOT,0.0,0,normal
26.785392755556014,81.97804494415183,27.912331706222435,4.859070660698859,28.64400034039871,41.64833385948584,5.0,342.13411980825424,SET_MODE,0.0,0,normal
27.258608563185636,83.22744241637541,27.887596346586584,5.047626815281263,24.565399734561716,35.54774359525129,11.0,582.1837755515674,GET_POSITION,0.0,0,normal
26.09594470659263,81.27537835879966,27.96676951036244,5.346802000835338,26.21747226002144,41.732255786965275,9.0,404.1539843489799,SET_MODE,0.0,0,normal
27.127929038622426,82.47819547476982,27.823455683084504,4.81745182888064,25.049122725793882,39.254254336713785,5.0,309.1308415228698,SET_MODE,0.0,0,normal
27.395038349963876,82.15972175087836,28.27308158619127,4.697639626033361,22.03917179049533,38.08258422937566,4.0,196.20197108283708,REBOOT,0.0,0,normal
26.547984326396335,81.71724808271183,27.91504081131779,5.07612118903245,18.23262600671576,41.55458898413324,3.0,218.5634151202989,STATUS,0.0,0,normal
27.64935735122816,82.37234106778494,28.12474251792706,4.462077080626283,26.29302907639023,38.925513504247746,12.0,500.59003657491655,STATUS,0.0,0,normal
27.379394464000075,81.59565929469974,28.031420512547164,4.913628176939624,25.521841625238434,35.645460627763846,5.0,219.73057925417947,SET_MODE,0.0,0,normal
27.129717101374737,81.52124797073787,27.852319892427705,5.073511599294622,23.14547487369949,51.205491958539916,12.0,730.0781404731921,REBOOT,0.0,0,normal
27.600470560371967,81.21766717120411,27.99910679361809,4.91901443095245,20.142480830452406,38.05133126788342,4.0,254.23068545231308,REBOOT,0.0,0,normal
28.30684270937299,81.77407953520735,28.11760041689661,4.536964717044276,26.889218543226214,31.129563679391943,5.0,345.97733290454937,GET_POSITION,0.0,0,normal
27.52219509321383,81.62911687100076,27.971760799737055,5.478253386861204,24.202239777413343,36.63160524111444,3.0,151.11128739026327,SET_MODE,1.0,0,normal
27.599288234520134,80.68716135625189,28.178966941877654,5.0310614461847525,26.670624167104435,34.93089324650908,3.0,221.01124898559502,GET_POSITION,0.0,0,normal
27.366468589012275,80.26003568457521,28.15322730891728,5.429345635328522,30.592145591235276,43.30458246416206,5.0,390.6284679547566,REBOOT,0.0,0,normal
27.26014289186016,80.73838065786846,28.137837228198748,4.921989124945867,18.575707359040884,41.28661063836634,3.0,179.88471643138362,SET_MODE,0.0,0,normal
27.981730647783724,80.36062660393553,27.93105148415905,4.735996405492771,22.901197573892908,41.594851207161376,8.0,563.3700367903364,STATUS,0.0,0,normal
27.356319759394015,80.65023244908024,27.838023632832776,5.080754276076548,24.37187316006426,38.51991013665102,6.0,365.96360509051027,STATUS,0.0,0,normal
27.77617138524179,81.22264724277562,27.90796185919558,4.935263862101534,29.364478522439953,38.882599011772314,4.0,171.1147247059537,GET_POSITION,1.0,0,normal
27.604901538647685,80.29780594469065,28.029436141100007,4.6466715626025925,20.090790942380544,38.516275585569325,2.0,106.08892102740968,SET_MODE,0.0,0,normal
28.035597545812816,80.42817932452141,28.081868007029854,5.440935277636249,30.807583077041812,39.67522726345812,8.0,347.9957406806448,REBOOT,0.0,0,normal
28.02512652295471,80.40235267806031,27.674264289285933,4.813318933131801,25.40756770469887,43.341333741459344,7.0,556.8861533914038,GET_POSITION,1.0,0,normal
28.353942239165523,80.72193342276286,27.99878301975824,4.447920084561329,24.711998014798425,41.344301650021386,3.0,147.48310944880527,STATUS,1.0,0,normal
27.78178639897203,79.09928659938541,28.023713383798476,5.3984498161872,24.40582071034328,42.000451318483464,3.0,196.30805032988624,REBOOT,0.0,0,normal
27.924305452876716,79.84504116942685,27.95836836155267,4.848710595256213,23.691210903459915,41.99823563299681,8.0,410.99043262237996,SET_MODE,2.0,0,normal
27.686801890315365,80.18035004353447,28.19369107585238,4.8176528322153125,28.144350277807465,43.53776974952695,5.0,330.6492430711852,STATUS,1.0,0,normal
27.946225268689357,80.60173136186175,28.06326701113763,4.470383723891008,21.794437737752684,41.152600166161015,6.0,290.4964058089158,REBOOT,0.0,0,normal
28.320075034211495,79.68340103705722,28.196528786212134,5.522282445979097,26.03624254493156,41.435392290715676,9.0,642.6972237276268,STATUS,0.0,0,normal
28.516733495090836,78.91942276948676,27.967605921947467,4.6131558238370935,23.847455002879073,44.75522496477262,4.0,177.7298564538617,SET_MODE,0.0,0,normal
27.889420014436222,80.09659789241142,28.14062162387604,5.017534844211695,22.713599654457706,37.33981632798755,5.0,379.030080018056,GET_POSITION,0.0,0,normal
28.650035488037304,79.39880981359514,28.245259959179126,5.273786096762132,32.75792552705169,36.577029680193974,6.0,441.70120620979066,REBOOT,0.0,0,normal
28.887908175316273,79.05212181958395,28.196754017390898,5.126515079900929,26.25715220426038,35.25631360325258,7.0,470.0660562187479,REBOOT,0.0,0,normal
28.554033957018138,79.26597131197754,27.83617876098569,4.982103706402342,26.839796633983433,40.731658254481026,3.0,128.08975525714175,SET_MODE,0.0,0,normal
29.181926514366893,79.41780421822222,27.961948588368642,4.489500242513775,28.413330342005988,32.585071035123505,4.0,193.37104453262853,STATUS,0.0,0,normal
28.163776172653556,79.14036070405893,27.94822529418253,4.757082549269815,20.735950164044358,41.84861638423871,4.0,297.49785531057216,STATUS,0.0,0,normal
28.01704340580374,78.27336851204517,28.07338818026145,5.056340101412757,30.256875727366094,39.56322762199779,1.0,44.878977372103805,STATUS,0.0,0,normal
27.844554760488972,79.75886452236247,28.10295303325218,4.7638477790039016,17.473128464514772,44.538558799284225,5.0,231.186419261604,REBOOT,0.0,0,normal
29.195116726288926,79.88271911793016,27.87416609889614,5.061007837999631,22.693700769884437,37.312330758140035,4.0,247.04053180088331,REBOOT,0.0,0,normal
28.89861447040687,79.50677186308536,28.01017577708754,5.204523022644542,23.6229049804633,39.186726858329976,1.0,50.96709758697375,STATUS,0.0,0,normal
28.654311171934957,78.54868510030897,27.69701090017658,5.28875086574003,26.74517009491152,44.488813333173475,3.0,146.64908399327155,REBOOT,0.0,0,normal
28.827711577914897,78.95409562920709,28.216291750870283,4.632146192656195,25.656154798424463,45.53254258711261,7.0,441.2277609174905,GET_POSITION,0.0,0,normal
28.304204545988142,78.98969907853328,27.923143863898495,5.658993816493687,24.49955577790482,37.27939053699272,0.0,0.0,SET_MODE,1.0,0,normal
29.770868708591074,79.23128852799,28.008379590976674,5.230243803366239,24.964007966116828,40.72712493034864,9.0,410.60156283708073,SET_MODE,0.0,0,normal
28.88191068838498,79.20581469940723,27.95355254290179,4.999485753899281,22.065930929432295,41.17767591073619,5.0,306.9707535090929,REBOOT,0.0,0,normal
28.911115881511776,78.44514035873904,28.171904136252014,5.326860974922992,20.50830281654748,41.49461362248459,4.0,221.92198452457964,GET_POSITION,0.0,0,normal
29.19427678294277,78.79464556479353,27.57437403379039,5.709622331599992,27.17953486700818,38.94969736273751,0.0,0.0,GET_POSITION,0.0,0,normal
29.132457460728297,78.92455417345384,27.997508448651114,4.568383969682939,27.081118337608554,45.12553359249454,6.0,264.6613061569414,STATUS,1.0,0,normal
29.065157592185894,79.3669447891146,27.984127186375346,4.9324212072525935,29.753483125471178,32.44118606551382,6.0,388.9471785470337,SET_MODE,0.0,0,normal
28.694426181597095,78.93526772787202,27.93195454186125,4.286470502038002,22.629948709554377,38.31547906079567,2.0,114.91946615545982,SET_MODE,0.0,0,normal
29.233672314729134,78.92239238868818,28.258933981845345,5.0577954597944075,27.078445630902767,41.79172293109179,3.0,168.72742500628848,SET_MODE,0.0,0,normal
29.831816138810872,78.5155031696113,27.866900581171635,5.109618272577542,24.148879814905804,41.828899247797374,5.0,246.45753760166826,REBOOT,1.0,0,normal
29.650543494865303,79.12542881035645,28.11576942658535,4.988251365367172,28.571424955580447,45.41103612245905,7.0,288.5192878967591,GET_POSITION,0.0,0,normal
29.782462513430964,78.57258081753942,28.053437918305914,4.803639928700507,28.065888330034426,44.79290157280515,5.0,369.5378388729291,STATUS,0.0,0,normal
28.972952786492208,77.88555355360971,28.189227887880328,4.385145645143503,25.63362819767337,38.85783349877111,5.0,265.2820172068852,REBOOT,0.0,0,normal
28.813282764872852,78.96708547630054,27.899921637283374,5.112060105023531,23.98140953000204,45.19948497412242,6.0,403.4618495351633,STATUS,0.0,0,normal
29.18992571274227,78.56456686701812,27.890054665131437,5.436630345174597,27.882796535824784,37.14383302489018,3.0,233.7104879732049,REBOOT,0.0,0,normal
29.293072172818103,77.94522645679156,28.16441048612161,4.82269446327997,26.9407135697697,43.72354953116735,5.0,312.9980596164263,SET_MODE,0.0,0,normal
29.738422346865203,77.87906033313746,28.063798196249518,5.132017978706943,22.94667879374145,47.24208991368397,4.0,223.5435044031786,STATUS,0.0,0,normal
28.653141167036267,78.22008454229487,27.768259397998488,4.5295567059739845,21.016603979561708,44.859776427419874,3.0,152.19282796184444,GET_POSITION,0.0,0,normal
29.970742196268056,78.2573170880597,27.91910424783051,5.1371639191077545,24.13440129795461,40.42308153409649,7.0,541.5322619412982,GET_POSITION,1.0,0,normal
29.323923830341315,78.07924294917895,28.05795739807721,4.881985310676603,29.546241446044625,38.67288491291151,4.0,269.13229088818287,REBOOT,0.0,0,normal
29.243985536315666,78.09207359385003,28.125664633231988,4.771274614819125,28.439461476199114,33.885634814962856,7.0,466.2787901118367,SET_MODE,0.0,0,normal
29.036909503860954,78.74317668094416,27.898115402021055,4.771890907635161,21.663017590988257,41.242158551656814,6.0,342.27799803486647,REBOOT,0.0,0,normal
28.806220532870753,78.38671045353014,27.56286160152746,4.881916525390097,21.496727752300238,35.53913108811632,4.0,295.2077940587889,STATUS,0.0,0,normal
29.8232384650806,77.90496542523918,28.078483477860555,5.11472999470776,28.824051549038458,36.82746134554425,4.0,274.1875499215179,GET_POSITION,0.0,0,normal
29.548496036617962,78.23998513079559,27.816951896508403,4.6063510396413445,21.593092285726513,35.237016797053315,3.0,153.98199261372196,GET_POSITION,0.0,0,normal
29.0277712849714,77.21372901644772,27.69739918028164,4.880865400529644,26.527885970926025,38.15843066937338,5.0,319.9157320050096,GET_POSITION,0.0,0,normal
29.049695779387555,77.8905998638326,27.575151111252378,4.987558466600255,23.151786353991028,39.88812234205207,4.0,228.8310327362025,GET_POSITION,0.0,0,normal
29.45676665468532,78.55892431982436,28.12209712902966,4.670288232640442,29.851134773565047,41.094458324662824,10.0,402.6360651318852,STATUS,0.0,0,normal
30.281420831892966,77.50887749746028,28.019292617560744,5.538999560502505,22.688725602586363,37.59797345834415,8.0,578.4394980805752,GET_POSITION,0.0,0,normal
29.532082732288497,77.15871219915616,27.96615154289316,4.743951355981597,28.430084590617483,44.27713482558073,2.0,89.82642791357607,REBOOT,0.0,0,normal
29.056141513383473,77.22211764429433,28.208353654444416,4.799168925909953,25.554575962181094,39.16717896804013,3.0,181.19454072031368,GET_POSITION,1.0,0,normal
29.579950353563277,76.96998735461256,28.09559870245346,4.70650761505325,25.75658456270286,36.84911026693792,7.0,374.1433340637484,STATUS,0.0,0,normal
29.589373676030473,77.09007807964888,28.24244500640829,5.539544026141435,19.089074255945796,40.90516906897375,4.0,214.7342465921084,SET_MODE,0.0,0,normal
28.63928787479129,77.26587789955632,27.791089679174952,5.165871568579845,18.391259940382845,47.85421133417526,6.0,354.5675720193139,SET_MODE,0.0,0,normal
29.71526526596452,76.71804335029604,27.994817406406906,4.719022398126907,24.33830217919806,41.34064226614047,4.0,319.5236966431592,GET_POSITION,0.0,0,normal
29.662908769392295,77.39935703661357,27.757492993757797,5.331869467657991,25.740718190249837,38.54857749050557,5.0,281.67593612629514,SET_MODE,0.0,0,normal
30.051420707164027,77.81443752891147,27.96559265022168,5.060209608286663,21.62440651678683,33.89015457552519,5.0,236.46584596331448,STATUS,0.0,0,normal
30.52952999955558,76.88220581140263,27.962707621935,5.077176026333451,21.733919768570974,39.12235071611172,9.0,580.8982816977727,GET_POSITION,0.0,0,normal
30.256934491510698,78.06954839431434,28.09399204558946,4.896656837374264,26.6844178894784,40.939712500352464,4.0,197.80603328632338,STATUS,1.0,0,normal
29.714463224352762,77.54016612334429,28.006834582171283,4.775175203912908,26.688563441371393,38.44967643497772,1.0,44.221965468518015,SET_MODE,0.0,0,normal
29.39446573381765,77.77596853710911,28.093511070741986,5.101329829716381,24.58677681883622,33.338461447036,4.0,168.02786753054866,SET_MODE,0.0,0,normal
30.880822552679927,76.90871691286597,28.105516019970835,4.836473831001323,27.340605163558223,36.597738441986266,6.0,245.49150576472414,GET_POSITION,0.0,0,normal
29.888911726504915,77.64290364889472,28.323239301607472,5.5450266888725315,21.47739311283956,45.81815384355103,3.0,171.73975779732766,SET_MODE,0.0,0,normal
29.88388311768625,76.64873480832864,27.952705501707083,4.6192126684270685,23.932195248739088,45.736004014921846,4.0,228.276124779743,GET_POSITION,0.0,0,normal
29.881087968825028,77.6199429445478,27.858846594900044,5.460847031856484,29.94363281735102,36.45344332318161,10.0,474.2181600311812,GET_POSITION,0.0,0,normal
29.98173638308704,77.24191570384893,28.03691254229746,4.966604345360659,25.204966389819454,42.69102714879769,9.0,642.2468593576353,REBOOT,0.0,0,normal
29.855859068762488,77.41486043634109,27.87965799592907,5.0897257202063315,25.378937543760998,35.28570886091931,6.0,271.0249507007709,REBOOT,2.0,0,normal
29.694573962308947,76.53374067308992,28.22229411526548,5.249947329988831,31.91783975790322,45.617265127979806,7.0,536.2888139390047,REBOOT,1.0,0,normal
29.71506408406674,76.65837282196107,27.957517294158215,4.810925211498669,20.801973502453688,40.98094339157694,0.0,0.0,STATUS,1.0,0,normal
29.92980728939916,77.38996035314979,27.915163544818903,5.259274515409591,27.389291099926332,43.79856599446614,6.0,246.62793026518312,SET_MODE,0.0,0,normal
29.733970435254346,76.60368144795532,27.92930264182733,4.187736843385647,29.9919588394243,33.13962661126985,2.0,157.03781005941732,SET_MODE,0.0,0,normal
29.67396344463544,77.29704033371947,28.107762613520745,4.784003140033418,24.02542622050436,42.710548407699555,3.0,156.95295114550242,REBOOT,0.0,0,normal
30.008763879786475,76.37052423483433,27.976337952515276,4.72278115779768,27.578892360564538,39.96930374526199,13.0,753.9869789804837,GET_POSITION,0.0,0,normal
29.870618589873025,77.46791194338715,27.903749976980443,4.623948196288471,22.053941508367284,43.40771628316337,5.0,256.85373859891047,GET_POSITION,0.0,0,normal
30.579951148682095,76.41837201741731,28.249802787643528,4.935513548576314,22.939802813297945,43.6594711923914,2.0,138.27370384270222,GET_POSITION,0.0,0,normal
28.923036516865327,77.30267086448372,27.871574523900737,5.115724990454509,26.154899248142904,40.263138757899,6.0,356.56325297268927,GET_POSITION,1.0,0,normal
30.424422992068106,77.33230306474441,28.00533491110495,5.210797999549792,27.39570001933177,37.59668144361634,6.0,271.76951025660065,STATUS,0.0,0,normal
30.489974868355393,76.66514882461507,28.097845922741534,5.072263027160123,28.362809537218737,43.118784728717976,4.0,176.6726323775126,SET_MODE,0.0,0,normal
29.165229463729364,77.29967639283417,27.75529973343744,4.800291960531936,29.70888576081848,39.75938200237949,8.0,552.120132263864,REBOOT,2.0,0,normal
29.859879097463338,77.13509451551401,28.07203907521089,5.11070493134755,24.797660324334455,36.50886018588943,10.0,494.8325619725086,STATUS,0.0,0,normal
29.85006985949899,76.73274514246793,27.841733848677933,5.037285708455255,28.580835265517763,36.31939107416926,9.0,409.6056148698501,SET_MODE,0.0,0,normal
29.43665686213168,76.4962641939318,28.1234174171251,5.280816850380805,23.973085469652553,34.09134233475047,4.0,239.90841551965485,STATUS,0.0,0,normal
29.68887332496365,76.01868715416371,27.855602348212155,5.233081010879455,27.706273934764805,37.958835361747745,3.0,216.33183450435646,GET_POSITION,0.0,0,normal
29.555431201832477,77.17536655961975,28.103915354777328,5.009142924176189,25.622466393556547,44.41076818429751,6.0,306.9078590095513,STATUS,0.0,0,normal
30.699554383266758,76.21976468488327,28.165874959944208,4.730824098151623,26.33703372124577,40.711319198821734,7.0,357.4008512762262,STATUS,0.0,0,normal
30.371225492354462,77.0525454835679,28.12921547884492,4.804114953250376,26.27052362206611,37.88092917630784,5.0,366.77625205207534,GET_POSITION,0.0,0,normal
30.503207594690288,76.87693900125068,28.037697497235715,4.83506319210859,20.185884970606566,43.21942375272032,4.0,183.65340713100522,GET_POSITION,1.0,0,normal
30.280209616973636,77.35310612154896,27.965304858560547,4.905420099825124,21.627634423417682,36.670093513106444,6.0,388.0146220287714,REBOOT,0.0,0,normal
29.536199542812227,76.86846484817649,27.913537063549775,5.080415128276926,25.307624319452568,40.381401097331114,5.0,391.00269659651707,REBOOT,0.0,0,normal
29.77361633371062,76.86179700247041,28.220655203622567,5.214552317038417,19.938162761076494,39.28147850909794,5.0,368.26062991546155,SET_MODE,0.0,0,normal
30.174103777740186,77.40056902694572,27.895075716974855,4.984664392095387,27.493633309599268,43.11652250235341,1.0,42.47260935118917,REBOOT,0.0,0,normal
29.48375835328459,77.21135385159587,27.8444400889645,5.004837436370142,27.614667898864425,33.691086516321995,6.0,316.7786103747901,REBOOT,0.0,0,normal
30.25139116077867,77.21217111665585,28.099805340254925,5.042991891500001,25.98151165863337,36.599209016741376,4.0,182.77991449481863,SET_MODE,0.0,0,normal
29.862971598443053,77.30007098257417,27.880579479522027,4.845228406060298,21.636597961726235,33.44701736362187,4.0,311.87850202994235,STATUS,0.0,0,normal
29.801412020688012,76.31006938846387,27.857490475380082,4.722382322707113,29.140416816605544,38.96161311276292,2.0,158.8753252977665,STATUS,1.0,0,normal
30.227292584766957,77.46974058401659,27.783459360674534,4.473368630806787,31.111631919155073,44.84571001452972,5.0,246.9986041080076,STATUS,0.0,0,normal
30.11151298515731,77.41214214010617,27.927563524080924,4.791455192576938,25.44123048233792,37.97821116138589,4.0,267.1518471726004,GET_POSITION,0.0,0,normal
29.77965229873341,76.61319641161408,27.987592746415526,5.141943635980336,26.53160613535371,37.957264247217395,9.0,662.9874235369626,SET_MODE,1.0,0,normal
30.377335154877766,77.0161945895116,28.036463759149104,4.78912656858813,25.605215964388133,43.48689769673655,4.0,197.38884550631624,STATUS,0.0,0,normal
29.47007714773994,77.13634239013835,28.142695936644923,4.928657888772218,26.5911075669964,44.274198233821195,0.0,0.0,REBOOT,0.0,0,normal
30.137112246446733,77.10757080192869,28.079034688549868,5.139929386223695,24.641323730120813,39.64571573092484,11.0,444.9328502288033,REBOOT,0.0,0,normal
30.115551904108425,77.36163174181056,27.971369167067024,5.156206848926801,24.89630728046859,42.73885941619957,8.0,451.82798622128826,REBOOT,0.0,0,normal
29.741405777173522,77.93132442627699,27.970270648543043,4.676140144350188,27.717152801492098,35.69218183648822,7.0,531.8424894705206,SET_MODE,0.0,0,normal
29.98193184027683,77.77851755362845,28.076523620337277,5.299117806936092,32.03687248568932,45.511897335701654,6.0,456.71511577352373,SET_MODE,0.0,0,normal
29.3366306667602,76.60456864758137,28.190885524439285,5.338205026806645,20.799786296794785,48.594825175748205,3.0,135.32917530108193,REBOOT,0.0,0,normal
30.191629508257456,77.59580507423351,28.01894712992248,4.661045042834432,24.6885625467911,42.0848631647549,5.0,240.870496105679,GET_POSITION,0.0,0,normal
29.7323476251144,77.97437309226116,27.929630371868438,4.752848939107654,21.458618544303754,31.6626735146288,6.0,337.9313594242881,GET_POSITION,1.0,0,normal
29.58085835336983,77.5294881618207,27.85107009983717,5.357327204943857,29.77607469572825,37.767078950408866,3.0,213.67494541964422,STATUS,0.0,0,normal
30.192541851573417,77.90878915461113,27.783219210338167,4.95594394362341,23.236786092040305,42.451301286677285,5.0,322.3702967063457,STATUS,0.0,0,normal
29.473545105258665,78.39768309248916,28.09994045080653,4.334066615764445,20.670397618642617,38.31406801133455,8.0,484.4319179264693,STATUS,0.0,0,normal
29.173598694026225,77.93268163293885,28.086696778545935,4.580095548580194,26.91456099654572,45.08879421700039,6.0,382.06365221342475,STATUS,0.0,0,normal
29.095390862558357,77.5757862466722,28.086604528766,4.925189112448256,30.232933344229334,42.352629057743464,7.0,306.9359142646431,STATUS,0.0,0,normal
29.9408670844678,78.00500327075511,27.98070108304719,4.651087204914619,26.99079360568229,37.174097996936815,4.0,236.4261827607851,SET_MODE,0.0,0,normal
29.166075838199145,77.58724778983219,28.211040211883763,4.875972868809067,25.61439363184575,40.12905924308501,3.0,239.04759474469543,SET_MODE,0.0,0,normal
30.359316367424462,77.56011361023333,27.927382225812277,5.009718864105074,26.227422768327983,36.42466711744364,8.0,348.3027670205081,GET_POSITION,0.0,0,normal
28.80314750968045,77.40682204560885,28.143290385581082,5.438676381210419,29.244521988476663,39.26966048635023,1.0,60.769867105395456,GET_POSITION,0.0,0,normal
30.292394769093224,78.39960712457253,27.994188565751568,4.912863825131663,22.37740218995755,37.78162703826979,5.0,259.1298523314749,SET_MODE,0.0,0,normal
29.675487521282417,77.2450568119868,27.9087473852981,5.321762539871828,24.66445868774106,44.699047200932156,6.0,369.57919124687015,GET_POSITION,0.0,0,normal
29.529042043464848,78.45782020119825,28.088879546097665,5.428628048611031,23.6419295544714,48.46404822732398,5.0,314.7637520067493,REBOOT,0.0,0,normal
29.325788010144244,77.97992303008166,28.0614454178026,5.430292900805623,21.49640407812487,34.27524666705699,5.0,315.49457962389516,GET_POSITION,1.0,0,normal
29.67882329548343,77.06967675301087,28.053545913890037,5.08542637801567,24.014874221749594,32.30713485516099,5.0,370.4417570621773,REBOOT,1.0,0,normal
29.478916350525896,77.99347227610237,28.01219176330843,4.4110132556483075,28.323163287947345,39.019310312594456,5.0,277.9494829347322,REBOOT,0.0,0,normal
29.90948395442367,76.80092562358689,27.994316037742475,5.13824745962116,26.699806445178176,33.92633720468527,6.0,363.924999039959,STATUS,0.0,0,normal
29.48744231342984,78.20595200207148,28.358255798930564,5.314519966344062,26.9329315003246,40.18484641468367,5.0,202.18567979354972,GET_POSITION,0.0,0,normal
29.47485866887939,78.37903499862307,28.177638496779426,4.975679868369375,25.439426834959953,42.99574445522371,5.0,357.91012031595335,REBOOT,0.0,0,normal
29.241682104887367,77.68441883853731,28.108424034247825,5.5233751610225745,26.569971348185767,45.9765675890673,8.0,403.0360663602729,GET_POSITION,0.0,0,normal
29.336143818995385,78.0874985384037,28.016769873730507,5.257950068440238,22.598228972955685,40.80557823486112,3.0,217.98660288486195,GET_POSITION,0.0,0,normal
29.453247726479017,79.04887548659963,28.151073580089502,5.170482013145835,24.071470342218312,39.22737910060168,5.0,253.12773327606345,SET_MODE,0.0,0,normal
28.61667838241418,77.8659334647061,28.07769921645872,5.325914213361751,25.57601271090603,32.08646033370766,3.0,121.29461955149907,SET_MODE,0.0,0,normal
28.731508039060344,77.63729467382748,28.003930712916105,5.100010955378264,25.83254757664567,40.10474059674319,3.0,138.5797581832136,STATUS,0.0,0,normal
29.537546118391212,78.9564469319799,27.954465351210114,4.252156850181394,25.960563564765618,40.285149042197844,7.0,555.991212720207,GET_POSITION,1.0,0,normal
29.27747086822746,79.24669408650334,27.987862399350597,4.85025831455889,24.584994153950866,42.55582725685098,4.0,211.16819935167817,SET_MODE,0.0,0,normal
29.103845722523612,78.31794534462043,27.52443613961829,5.359150408174356,23.867729796609012,37.16604759388363,4.0,177.41182432203954,REBOOT,0.0,0,normal
29.152561436001367,78.87343093726385,28.031590125894645,4.757722597970512,34.47331384913289,38.25978959905656,2.0,89.50070429006004,REBOOT,1.0,0,normal
29.25140815854798,79.09093719552014,27.926728587983447,4.9329582484289185,27.720361818797194,34.08799097878326,6.0,314.48225137373373,STATUS,0.0,0,normal
28.863102468097118,78.10234773937744,28.23890049974243,4.686549105829078,26.239442427857867,30.834828772463737,3.0,124.51740493401155,REBOOT,0.0,0,normal
28.73376308171381,78.28521112731647,28.002901610621763,5.535176778560531,24.30037450538082,35.56601163681287,7.0,423.21680467414706,GET_POSITION,0.0,0,normal
29.088954065814292,79.19845171453701,27.821655487069755,5.504447737225405,23.64634351916837,33.71869674298793,7.0,339.84745633700965,REBOOT,1.0,0,normal
28.58425487142823,79.48154076739547,27.992517976880784,4.734839331457781,24.607598218819135,41.346849181682444,8.0,486.1794052469991,STATUS,0.0,0,normal
29.103354870319404,78.9773544012334,27.843081837240625,5.044189400116725,25.87848653076005,37.92746377333257,6.0,273.7834124878128,STATUS,0.0,0,normal
28.222936691688165,78.3137406098357,28.07101111235687,4.795851785670786,19.358693367810755,37.847051479700845,7.0,400.3600241248979,REBOOT,0.0,0,normal
29.279020218600074,79.805757813978,28.043642104650925,5.1844833917094135,20.29183121387595,36.06234781529915,4.0,255.66669734419912,GET_POSITION,2.0,0,normal
29.01926120856011,78.60615900614219,28.14367594466624,5.152904923172699,23.089352833183128,27.069738269950264,7.0,297.3599827346702,SET_MODE,0.0,0,normal
28.8949798104699,78.76432244262331,27.881367731245817,5.243511671483979,25.621418310335706,46.033242994990204,2.0,111.89994474008469,GET_POSITION,0.0,0,normal
29.1474765584857,79.16412865339282,28.005101214434223,5.0995755343123665,24.282180558544447,35.99891790889285,5.0,260.50476419793756,GET_POSITION,0.0,0,normal
29.381913905172002,79.83192160653823,27.795246730686003,5.8806218619165405,29.434363678298453,38.350319720600375,3.0,148.84317797863608,GET_POSITION,1.0,0,normal
29.082293066306395,79.54451592379748,28.105224217288708,4.691622870496778,20.552809639012693,34.18043133884276,7.0,449.26969530365903,REBOOT,0.0,0,normal
27.90051851533259,79.38844361759655,28.077830677066018,4.486818993669046,22.745963591189888,43.88772137376254,5.0,317.7083971530815,SET_MODE,0.0,0,normal
28.084868214998977,79.47692586234984,28.074370753154135,4.882072939789562,29.560275222973303,40.5737157481493,7.0,456.59594586975413,GET_POSITION,0.0,0,normal
28.306115428972415,79.33208875824063,28.00024285470354,4.52960352033192,25.39335797402544,36.694538858936525,9.0,417.1977613557077,SET_MODE,1.0,0,normal
28.525341707212643,79.65522129785396,28.06221593361832,4.552261318998202,27.654527748403474,38.4310815546239,6.0,308.57021876695865,STATUS,0.0,0,normal
28.680355460482637,78.17795299748087,28.24065086624629,4.6996056037406095,31.15374082980839,46.71271968849948,5.0,241.93575559901575,SET_MODE,0.0,0,normal
28.140910664082284,79.36176316751522,27.9572358614437,4.723343328370512,22.918586746294533,39.70812227247489,7.0,431.3410093993957,REBOOT,1.0,0,normal
28.463366701519497,79.69880497429253,28.020796777556512,4.713614569414982,24.702056986623905,39.27306584953638,1.0,58.44262756838465,STATUS,0.0,0,normal
28.043499858852968,79.07144810731937,27.837081055122788,5.155465685133623,24.182719297207385,36.23447405544294,3.0,159.63524851113002,STATUS,0.0,0,normal
28.057585998798256,79.90965266691371,27.86976085576025,4.848143281674399,19.13622098655017,32.421675398110786,3.0,214.321777064212,GET_POSITION,0.0,0,normal
27.695621705367984,79.68450655893531,28.014671993963997,4.946145627538256,24.068809588732094,39.359845305682626,11.0,481.34844753968844,SET_MODE,2.0,0,normal
27.84464474998834,80.73543697166542,28.165590032005287,5.26826983235028,27.643186562141995,41.30194044929847,4.0,315.98347020090273,STATUS,0.0,0,normal
27.628480994747022,80.71586212341774,27.961557876362264,4.770103242565572,26.621768625436722,44.39833785731068,2.0,89.32352622522549,STATUS,1.0,0,normal
27.733593271528864,79.76878909908923,27.964612520603183,4.920636230388584,26.85724950816403,31.006013862001378,5.0,354.6141625136739,SET_MODE,0.0,0,normal
28.499764095271427,79.99928934161137,27.938967213324343,5.109727995827875,23.8734730580815,35.49961469190789,7.0,383.1044529650329,SET_MODE,0.0,0,normal
27.65249587146129,80.1114175340053,27.91978649937335,4.417529659813933,23.031708291983076,37.677035637774196,2.0,149.22097833054445,STATUS,1.0,0,normal
29.03874578444889,79.9969015282979,28.044245718356322,4.284528347314826,28.807767015695863,39.98607660570719,5.0,214.8339897568324,STATUS,0.0,0,normal
28.13625342181472,80.39523047367427,27.775411353223202,5.103835198639317,23.50804856092699,39.41986523388631,2.0,109.97773681538703,SET_MODE,0.0,0,normal
27.965596130317884,79.99420027621231,28.19214093650001,5.14760428417007,25.88224611637964,39.51324525725092,1.0,53.41773626000945,REBOOT,0.0,0,normal
27.500662503441777,79.88428334770842,27.90018665528058,5.619266040455723,25.490004042032616,41.632384234279776,6.0,478.35768917412844,SET_MODE,0.0,0,normal
28.076088469117327,80.83781238418416,28.10828552281572,5.047428462760043,29.385151048771355,36.38682755688356,4.0,317.6878391823401,REBOOT,1.0,0,normal
27.517289759858926,80.91869296754444,27.80950021039092,5.245921915177428,27.91423707301708,43.73656576893478,7.0,333.14510842658865,STATUS,0.0,0,normal
27.747557215615714,80.27983685655789,28.10032601958193,4.941358206924208,21.114224137998637,41.733809766797926,7.0,456.3851489955349,GET_POSITION,1.0,0,normal
28.673630136473548,81.20832360151566,28.100791691172173,5.089168166475526,21.43734049967488,38.72067094348768,6.0,368.5246607786256,SET_MODE,1.0,0,normal
27.56165667975621,80.5240821119836,28.057630310800885,5.50017705252486,26.736729454207403,46.40363196755566,6.0,277.0496378977773,STATUS,0.0,0,normal
28.009922279342646,81.04624190089359,27.850835721730032,4.362802154562309,24.8069870578625,46.225664142287066,6.0,280.26712946506154,STATUS,0.0,0,normal
27.21872942994965,81.41017200630621,28.037432228439712,5.124084877271504,23.63448464813871,43.731581420775235,7.0,556.9904839742753,GET_POSITION,1.0,0,normal
27.43545319499166,81.06407597174343,27.822541572289843,5.64067601902321,28.046883651983414,27.92577291772883,4.0,232.43679897934925,SET_MODE,1.0,0,normal
28.106885820505436,81.3896655500686,27.962085511735573,5.0846102657628025,25.56237814626673,46.3157803708719,9.0,405.28846512002644,STATUS,0.0,0,normal
27.09657099081435,80.98601267576909,28.1544119651433,5.495171888969854,25.15737216066833,43.179034089887736,4.0,194.36640619828069,REBOOT,0.0,0,normal
28.02081169013383,81.22843508118986,28.119505289060612,4.811236355141167,27.339485922265148,48.02563455085175,6.0,304.4035361396519,GET_POSITION,1.0,0,normal
27.527096675184506,81.30667684295614,28.002277441381064,4.990385751750886,23.874673015169307,44.94985836693415,7.0,423.05683372921345,REBOOT,0.0,0,normal
26.96686902358768,81.11974165241725,27.853779013611575,5.010057410716576,29.705556956417663,46.313370709989144,4.0,213.6877007210095,SET_MODE,0.0,0,normal
27.392381920330486,81.48854279890887,28.09683815682613,4.334722676192369,22.635857130300977,43.514619400721514,6.0,349.202828613581,REBOOT,0.0,0,normal
27.475714052259782,80.88698321471358,28.002907185654703,4.64954665164494,26.970787199026265,45.394772794582046,2.0,93.31996408810902,GET_POSITION,0.0,0,normal
27.282407200265876,81.50052998182255,27.651952660265437,4.670937476184804,29.301498515979535,47.97649496293776,6.0,318.4148857410015,STATUS,0.0,0,normal
26.352308942239606,81.6889241250019,28.117394473947478,5.246619823409758,20.8681135321837,40.86621895351282,4.0,171.25065483484065,GET_POSITION,0.0,0,normal
26.6359914603823,81.78895599461272,27.996365074919545,5.261645931705217,23.969994472442654,33.71107782368748,3.0,226.76523281710183,STATUS,0.0,0,normal
26.774025512858966,81.8823985297373,28.18036768719746,5.09721093281196,28.42662217865667,38.77015639993943,3.0,143.85029726022938,STATUS,1.0,0,normal
26.78919265312574,82.05877226044473,27.83570942217358,5.247230869056712,28.471733643193076,41.559782397533745,5.0,351.38002708574777,REBOOT,0.0,0,normal
27.012921662589612,82.41627624133208,27.5234944280206,4.950755176183468,24.48551319883528,40.29955033748623,3.0,161.94621458440153,GET_POSITION,0.0,0,normal
26.781181117001644,82.7010973904609,28.04186257875178,5.360579500861863,22.795986718969424,35.013752135362296,4.0,235.90357103036695,GET_POSITION,0.0,0,normal
26.12117934594075,82.02661004349619,28.043734551502297,5.002636532789621,27.867807466992286,33.47572949922009,3.0,154.9513247353472,STATUS,1.0,0,normal
26.752388499187244,81.83790459824965,27.746399255859032,5.017359214228027,28.550647307744814,37.035349325460686,6.0,407.1459050657688,GET_POSITION,0.0,0,normal
26.78931926998827,82.00684183887886,27.853225068120008,4.9203222100212765,21.506009954462815,43.230958223936604,9.0,664.0367109388947,SET_MODE,0.0,0,normal
26.713567584364828,82.37295629109468,28.413282661557986,5.205335143290928,21.38825905310086,46.32135908329188,5.0,257.2540369479176,SET_MODE,0.0,0,normal
26.866328453777303,82.52961347940303,27.95415840787693,4.873640355016126,25.6757700459508,43.666270455110805,6.0,298.1322344792622,REBOOT,0.0,0,normal
26.71175564090456,82.40990312036527,28.109643846456432,5.2929294131594204,26.888081900286675,44.22970914845654,4.0,269.0304424742235,REBOOT,0.0,0,normal
26.505842841877392,82.23646837157743,27.902401025894743,4.660355257785198,24.102792744309834,39.67673770734577,3.0,143.4183672681265,GET_POSITION,0.0,0,normal
26.237909555940554,82.74637824142448,27.686454565172028,4.6703251235815415,27.037881459947048,33.031670169176145,9.0,590.342315619518,REBOOT,0.0,0,normal
25.54522510459194,83.15533814525965,27.974461262980615,5.206228026537952,22.869590179487854,38.179117676469176,3.0,131.33136956323628,GET_POSITION,0.0,0,normal
26.32492664136523,83.45258776697825,27.960159315957085,4.973436735625096,18.655919202778794,38.964942352510484,9.0,583.2493775858475,REBOOT,0.0,0,normal
26.17946819580477,82.9670594799426,27.940018264199743,4.863832575154062,23.72829678300221,38.01179005265727,4.0,242.1450774416693,SET_MODE,0.0,0,normal
26.148189988966944,83.1302075623862,27.98280387467404,5.267017319742638,25.189696439539304,40.21877946149851,8.0,356.4498289844187,STATUS,0.0,0,normal
25.471883617336026,82.9645179693137,28.039640240746845,4.8178215757741745,24.17248012031063,41.7656790395718,3.0,197.89243618375198,STATUS,0.0,0,normal
25.49305199906027,83.50352103045489,27.97748245731193,4.939939623709889,21.524190209021544,43.41206075297399,3.0,173.5868588440891,SET_MODE,0.0,0,normal
26.289502029667815,83.18660026156915,27.810399074807897,5.419768385021348,19.553053072363547,38.887520542534666,5.0,243.42301016341713,STATUS,0.0,0,normal
25.795067553985177,83.98914052177605,28.07292771873429,5.461742703743195,23.457733586896307,32.38496237742163,8.0,433.08292982469675,GET_POSITION,0.0,0,normal
26.026028840196467,82.90158105603707,27.707594236701638,5.471719463081098,27.692967314949232,38.06848912283546,3.0,179.05225267667157,GET_POSITION,0.0,0,normal
25.707192855252515,83.70680035609324,27.69244638140737,4.915362266919827,28.768592318241048,40.17484158796793,4.0,174.64867636230113,SET_MODE,0.0,0,normal
25.650110695101276,84.1294204867111,28.110877074205234,5.369210871495341,28.563140152415365,44.89123168853364,8.0,626.4350346010733,SET_MODE,1.0,0,normal
25.955778093016555,84.1631739451594,28.076053040820305,4.715314151669396,22.552271394554342,37.72876863126358,3.0,199.86745874545454,SET_MODE,0.0,0,normal
25.31622442505132,85.51028912584901,27.991390695238895,4.727929137583382,21.538881029108907,42.05017451359761,3.0,132.30419775452353,SET_MODE,0.0,0,normal
25.503197615423357,84.43130112484882,27.79068272428674,4.294863244212692,26.489903844939686,41.16035159854173,2.0,145.82897474627674,STATUS,1.0,0,normal
25.22188325785727,83.84710330423614,27.89381335889889,5.501860460569559,26.905300034793775,40.17560213249355,7.0,370.31538066492067,STATUS,0.0,0,normal
25.174983877747696,84.39421608650247,27.960587987847024,4.740806045277177,26.20050881560149,43.72213327729837,2.0,127.7439629370547,STATUS,0.0,0,normal
25.16705529516492,83.64671820198298,27.760615904713884,4.962040226075882,18.95781017728671,37.35663521298968,6.0,306.5142819790976,GET_POSITION,1.0,0,normal
25.321480069642227,84.58749762776964,27.889145701296513,4.726902697421515,22.3993462453496,37.69925420142594,5.0,346.6811889829214,REBOOT,0.0,0,normal
24.982998034847114,84.30427599787961,28.0978495507265,5.208549574499042,24.910933629142065,39.95239670762309,6.0,413.5221540000245,GET_POSITION,0.0,0,normal
25.61864723209969,85.27154348678762,28.21409580464338,4.887309901784798,26.46165458389128,37.4394139796252,2.0,124.16347654979344,REBOOT,0.0,0,normal
24.700333408119185,84.63214773629106,27.937084787101217,4.608554932870115,27.301922087807462,42.0320491642184,10.0,496.37023698863123,SET_MODE,0.0,0,normal
24.92525134233546,84.94161704210238,28.113473253147415,5.132498769255818,25.43276056684612,37.147230782535466,3.0,150.44445690145744,SET_MODE,0.0,0,normal
24.765931247683348,84.77530320570898,27.71289098941188,4.569880992556931,25.992351419614707,40.905216830980535,6.0,331.88707120678635,STATUS,1.0,0,normal
25.462446371871216,86.0555773269191,28.09891768616704,4.748778282405352,25.254596375083313,39.59930892485298,5.0,229.00243347925706,STATUS,0.0,0,normal
24.90412442709213,85.11857459056105,27.879407737790878,4.367933265612176,27.05685812265545,40.85970385910682,7.0,374.5435996934586,REBOOT,0.0,0,normal
25.180111254798717,86.28848101932158,28.046101842506197,4.572812566340718,25.938596954472732,38.16103441974784,6.0,404.24510429959497,REBOOT,2.0,0,normal
24.11505170623283,85.87223451234294,27.962837137264042,5.053558750916143,25.197212980141863,38.643646821892695,7.0,512.6366784166379,STATUS,0.0,0,normal
24.758037737627085,85.7990851536207,28.198062101467574,4.410639188569123,24.194893602587857,40.3840370719882,4.0,213.2131664789378,SET_MODE,0.0,0,normal
24.949058944910092,85.83523597100162,27.868834652749012,4.555656282613485,25.243874275127443,40.808298024645254,7.0,345.4052723112219,STATUS,0.0,0,normal
24.56816429106321,85.94049753654326,28.094140944634276,4.999289325160158,26.453774136517826,39.98319233843537,2.0,146.61140626681075,SET_MODE,0.0,0,normal
24.903549833687872,84.87239141646843,27.95807388050552,4.836917931172084,25.802426166694183,46.82144942605234,6.0,453.76896657262114,SET_MODE,1.0,0,normal
24.2126200493337,85.78930161592646,27.97625417829855,5.597610990787793,26.14247925503576,36.037052325034864,7.0,394.806026527378,GET_POSITION,0.0,0,normal
24.925530736771265,86.4437121684769,27.972421916026118,5.550168963807312,29.028165584053557,39.74318482018914,5.0,205.38083076992677,GET_POSITION,0.0,0,normal
25.223693744647374,86.08893621594346,27.873149034325884,4.739623261174654,25.795491768239764,33.70548391153206,4.0,271.19385934306433,REBOOT,0.0,0,normal
24.101436014576723,85.50289077459408,27.997885155113998,5.167141285521044,23.053004438580526,41.488325914669545,5.0,356.80664723662585,SET_MODE,0.0,0,normal
24.010909375911858,86.27122115955581,27.990602766681725,5.224784767063835,27.650820357982507,35.539013854492744,2.0,81.44194025315522,STATUS,1.0,0,normal
24.713112902512425,87.2412381794632,28.03618603726101,4.820756342592679,20.90140498699325,38.886758976493695,8.0,510.40987306928423,SET_MODE,1.0,0,normal
24.706354243068713,87.10420524212508,28.012675771853928,4.551337539050539,21.755759857782138,38.511742698674695,5.0,317.673751648835,REBOOT,0.0,0,normal
23.808272941474545,86.54113087157961,28.119699182441835,4.996310465207583,26.007541794160208,41.12356450640468,6.0,330.88989809949936,SET_MODE,0.0,0,normal
23.792366819072868,87.1390181650711,28.138526292407104,4.948146297555767,26.549190003359737,37.78883632981928,5.0,349.95346517016753,SET_MODE,0.0,0,normal
23.790893035516277,86.5709754833192,27.84240650172583,4.869270650908814,21.264846329488016,37.61877720922407,6.0,342.76296914744654,REBOOT,0.0,0,normal
23.309140441874085,85.99299117252616,28.130315875088616,5.132695060449346,23.85154755703975,45.74342585634359,8.0,536.5683045732364,SET_MODE,0.0,0,normal
23.42292974340799,86.47314217073256,27.822049535933523,4.77478111789832,23.181748503341023,41.138267161898106,7.0,424.7928452978425,GET_POSITION,1.0,0,normal
23.332367852775164,87.80700572909252,28.08817838322066,4.654400735726257,23.53997103135521,37.75579659191093,0.0,0.0,REBOOT,0.0,0,normal
23.370710163772337,86.97847675538297,28.092960817705432,5.03272489110495,27.83079332881884,38.99666531275508,4.0,257.0401380816211,GET_POSITION,0.0,0,normal
23.607939265960294,87.08340685684848,27.713302466250624,5.115791027770663,27.119516390641756,46.58141980908298,7.0,486.33437855683565,REBOOT,0.0,0,normal
23.659669729459157,87.14450676355128,28.01394688697941,4.647006516829984,24.942633460438877,39.05934048699561,7.0,552.6935885623611,SET_MODE,0.0,0,normal
24.130548791933222,88.33551054309436,27.929725582995953,5.278427183297325,23.362114218655215,37.24289350739045,2.0,110.40871574419307,GET_POSITION,0.0,0,normal
23.055573411829748,88.28511541268061,27.886185211309694,4.468855658667176,20.951050989339578,37.26001539949443,3.0,127.73670535996213,GET_POSITION,0.0,0,normal
23.793419600605777,88.66988509077984,28.202627849604852,4.826565962385307,29.260554816345845,37.80349407604169,9.0,715.6696396396867,STATUS,0.0,0,normal
23.25908737288501,87.56898473787963,27.901948128904387,4.922597439140717,26.776341700854754,37.622009110293114,7.0,454.6658646391502,GET_POSITION,0.0,0,normal
23.270113799510682,87.88397339097891,27.879043460632293,4.809132886204421,22.87999268778058,34.88140860660303,8.0,622.8641466114461,GET_POSITION,0.0,0,normal
23.505274973297304,87.06512324300054,28.011354241000763,4.830481857934642,27.158798492874674,35.503199612212086,4.0,176.6123337617791,SET_MODE,0.0,0,normal
22.73194516660933,88.64881285268434,28.102838461944764,5.561322344692434,24.789329138276123,36.68271850255452,2.0,107.36270718963661,GET_POSITION,0.0,0,normal
23.279930931394055,87.41296297169333,27.97875271209848,4.7447347732883305,24.13867148541297,42.36628407381239,6.0,272.1448077294538,GET_POSITION,1.0,0,normal
23.13973455257298,88.19134191102091,28.174955581850387,5.732366516741574,26.305634584868805,38.47505085090851,2.0,146.84081236656476,GET_POSITION,0.0,0,normal
23.216581675407475,87.61998686449684,28.079646349294613,5.131138033919315,22.775505250261826,39.17135324362384,4.0,300.8548386286906,SET_MODE,1.0,0,normal
23.081984242184134,87.95945973123705,27.673268302040285,5.027616541193598,23.96873044146967,45.080352101019585,9.0,540.4722119550073,REBOOT,0.0,0,normal
23.89542778355527,87.92007642032969,27.920579955473947,5.142872106016299,25.364383192598638,45.18002859975367,4.0,189.85699482592486,SET_MODE,0.0,0,normal
22.605485181591202,88.11913248919532,27.915723685097245,5.758978324775586,23.50164642134436,38.87150022744906,3.0,135.254276284765,GET_POSITION,1.0,0,normal
22.59574548405389,88.23740782273812,28.071904143014415,4.701922098820566,27.00725563080257,37.47654595726637,4.0,254.10625761283308,REBOOT,0.0,0,normal
22.506747888427782,88.31625904414116,27.606277441543885,4.663874624319083,30.607199511034782,36.54227874530585,2.0,120.51010596682404,SET_MODE,0.0,0,normal
22.48197688540084,89.08999858298624,28.38235145630766,4.773540141028423,22.737105602178573,42.77110307883295,7.0,474.5409486629469,SET_MODE,0.0,0,normal
22.39768733514794,88.20334110575585,28.079653914234132,5.009642944089368,20.004624111087868,39.181171065910846,7.0,365.45803353359753,REBOOT,0.0,0,normal
23.07704104619179,88.9479756195089,28.022331520587652,4.482268662556228,18.994779497571216,38.45402043870884,2.0,112.18943960194898,STATUS,0.0,0,normal
23.118753108005503,89.52809732205748,28.17723515746287,5.006701771795583,24.548595575515055,36.74534169944979,4.0,163.41777181618517,GET_POSITION,0.0,0,normal
22.271701482500205,88.7434018177433,28.351548107921893,5.508064140024102,23.010506229621452,36.92133436395444,4.0,257.6228872120846,STATUS,0.0,0,normal
22.116844821929938,88.7213812727516,28.13061199668826,5.045422217187434,25.62358150320124,41.280232765972976,5.0,284.62870426929555,GET_POSITION,0.0,0,normal
22.58848558290849,89.04486671084359,28.142321964470742,4.912194362307417,25.397793016078303,34.73824693645095,6.0,460.74351211522753,GET_POSITION,0.0,0,normal
22.129514461121584,89.829216718046,28.019603503669657,4.814551865394912,20.190349460157712,43.97947477515175,6.0,394.0287114491532,STATUS,0.0,0,normal
22.554419437344638,89.41505907908879,27.978771136994958,5.269553511365469,19.55534851155578,37.86462142474033,8.0,447.582237263902,STATUS,0.0,0,normal
22.333624317986487,89.13046467726265,27.928630683399266,4.752250168028586,25.887799721038284,39.40145622299283,4.0,202.17426893973607,GET_POSITION,0.0,0,normal
21.59773783664738,89.71548155335998,27.876083201242817,5.553918776179774,25.406286504159873,34.65208816743778,1.0,76.21139770430555,REBOOT,0.0,0,normal
22.774996465017765,88.9992629099046,27.896947885045076,5.580007924314307,23.722546004900344,39.95053624703054,4.0,162.60241185879093,REBOOT,0.0,0,normal
22.82668938839828,89.96733844456536,27.797416605348552,5.0770252395985365,20.028569244603087,38.68671622923776,6.0,318.45899214057414,STATUS,0.0,0,normal
21.815958262343884,89.90658567219067,27.988619282397245,4.996545473577006,26.414173788294974,39.799677604574136,3.0,233.22067005456418,STATUS,1.0,0,normal
21.85912641751167,89.62336449805285,27.747299863416043,5.309197942472468,28.81569863627183,45.886835593447564,4.0,264.64528111705187,SET_MODE,0.0,0,normal
22.0820907292959,89.43231578396689,28.028637478621558,5.328439550668198,25.833947320656765,40.71079218316096,1.0,61.30876285133196,REBOOT,0.0,0,normal
22.05547533936652,89.48195134146353,27.99455040879365,4.758202480682176,22.457578328304805,36.821363263416785,7.0,336.98972101771966,REBOOT,0.0,0,normal
22.139475136349333,90.26571678452464,28.022040294758003,4.84203346005899,25.133656496713453,37.15472035781373,2.0,146.66998194035097,GET_POSITION,0.0,0,normal
22.634926978512983,90.68513799043421,27.921680264497002,4.603295769595011,20.901657757198947,42.38052474365507,9.0,433.51166253339943,SET_MODE,0.0,0,normal
21.715283060569682,89.82364700397792,28.461529055527077,5.1227194815002175,28.173882141516376,45.19477316397369,6.0,299.5808475651,GET_POSITION,0.0,0,normal
21.422394958077348,90.44245118234738,28.204017385027047,5.1999883650370675,25.245533003588616,41.1276720830042,5.0,238.37022857437105,SET_MODE,2.0,0,normal
21.146079188799156,89.23999548269101,27.813318624987293,4.595022308641618,19.695529264740305,42.754850978219075,10.0,463.2597842278088,REBOOT,0.0,0,normal
21.36197495222894,90.06073598554228,28.034930213114034,4.863440328555153,24.09797691866895,42.43895089334682,7.0,546.9274988740648,GET_POSITION,0.0,0,normal
21.598089215121817,90.40632652673041,27.9087990785594,4.595823824725596,26.389904530702694,45.676257653430085,5.0,320.4063192282616,SET_MODE,0.0,0,normal
22.28661495606345,90.03509139445895,27.84782804099389,4.730360056926849,24.00085713707343,32.20163930909587,4.0,262.053941121615,GET_POSITION,0.0,0,normal
21.319663628090545,90.08901377627718,27.798989189331408,5.16530511806789,24.172312835679477,42.66887575721811,11.0,859.9032048986649,SET_MODE,0.0,0,normal
21.574609893527253,90.28995868117086,28.06483250361389,4.779955379996516,21.326793378858184,43.934944175614255,4.0,196.89200882009004,STATUS,0.0,0,normal
21.437387981520214,90.83576494024427,27.897792964739565,4.90975221319031,26.69962296124497,34.64510517545771,3.0,120.71010463172306,GET_POSITION,0.0,0,normal
21.87865830768598,90.66105389350601,28.14517390360378,4.511806481615805,23.05459239994259,36.457327263974335,1.0,63.95534598281165,STATUS,1.0,0,normal
22.3739047624842,89.69987351592191,28.149067332179566,5.0560970629174,18.530663868984902,36.596869005487385,7.0,422.1965589027644,SET_MODE,0.0,0,normal
21.11110745053273,89.82212198816109,28.206087157781717,4.9867180040466055,23.88622788798882,37.084839214490465,5.0,295.5300754796588,GET_POSITION,0.0,0,normal
21.088500095605745,90.64172601489057,27.872141985088884,4.781312224990051,27.94344914671106,38.0731317962579,7.0,297.3264591489358,SET_MODE,1.0,0,normal
21.663264185920138,91.23588355687876,28.0713048416038,4.943295710695258,23.839211660200156,40.97041125221977,5.0,290.8869733149569,SET_MODE,0.0,0,normal
21.480188679106178,89.69435624542834,28.094868132496345,5.054088464151033,30.21395495537056,43.46269860466948,2.0,103.00476520725591,STATUS,1.0,0,normal
21.908460714699522,90.87849045687601,27.928873273734407,4.755539555327196,26.28690384564555,44.32526783107414,5.0,254.91293544486263,GET_POSITION,0.0,0,normal
21.366213310460573,90.92464881361299,27.884234206391067,4.557121236799466,26.016274486841098,36.64870775532887,9.0,440.05736886447335,REBOOT,0.0,0,normal
20.95231303030188,91.9405211025175,28.241428099866397,5.541672329806045,24.614805202247172,36.62118800518807,11.0,586.3124782920112,SET_MODE,0.0,0,normal
21.296208164243314,91.11157512299734,28.03412438135981,4.810018188586918,24.79514137670713,45.26328736006489,6.0,324.75193803441897,STATUS,0.0,0,normal
21.467877449758923,91.55246086432925,28.09539516260676,4.970971969043934,24.20972909464149,42.58697574167458,6.0,314.1061863268794,REBOOT,0.0,0,normal
21.317576908703728,91.48761411208409,27.87668859822581,5.303251920506094,24.09319182375242,40.331459367475986,3.0,237.4503258863411,STATUS,0.0,0,normal
21.157824640568183,90.40685271509597,27.81710733002167,6.058716556271145,26.592601486201445,41.893346702219866,8.0,618.4739473630359,STATUS,0.0,0,normal
21.347663535614803,91.91051375266925,27.914582533826184,4.626654065033341,22.192506310628303,39.88078487259424,3.0,188.94121194298347,STATUS,0.0,0,normal
21.35534275977496,91.68749901497344,27.981396791891502,5.134948164117953,21.772318513827223,42.098338732190456,8.0,633.9375482912992,SET_MODE,0.0,0,normal
21.407675733639806,91.88643490027762,27.840366998977398,4.787734314411768,21.630414847373867,38.65573321397704,7.0,557.5354428893733,REBOOT,0.0,0,normal
21.082044897971173,93.64702134452166,27.998523278702443,4.838362908626987,31.136963643031464,41.075219737756925,6.0,325.4255304041526,SET_MODE,0.0,0,normal
20.724028074896975,90.69254303901276,27.746724221789727,4.783936393697963,26.59102870501174,33.95781579852201,6.0,346.84501097753866,SET_MODE,0.0,0,normal
20.818444993791204,92.64673309413196,27.831992886629518,4.662303509659824,25.913476605040433,37.24886282069828,3.0,235.08741323815985,GET_POSITION,1.0,0,normal
21.211821378700716,91.68952777294403,28.100636687241533,4.987612591464601,21.827455989119706,37.29195529283862,7.0,450.4153358036323,REBOOT,0.0,0,normal
20.372479992128277,92.02485763536443,28.090568578041683,4.5576491938855295,26.870026902024485,38.50243986717234,4.0,194.0686532539636,GET_POSITION,0.0,0,normal
20.817342304626965,91.9054471076249,27.94121848519197,5.284042269953561,24.650285960640016,36.29394698088101,4.0,270.30090693384005,STATUS,1.0,0,normal
20.48374240658525,91.76215714287507,27.847335353638456,5.016500880810012,25.642506823395248,37.86582549670767,10.0,482.298472818435,REBOOT,1.0,0,normal
20.624370939401018,91.73448671951728,27.8458894672711,5.126730491870432,22.07013905240933,33.94234375040752,6.0,321.44585848124296,REBOOT,1.0,0,normal
21.096642780748287,92.22833511065791,27.944009763108802,4.8601434164161335,25.48080657225273,42.1948019055796,2.0,98.20481304762812,SET_MODE,1.0,0,normal
20.63468837324294,91.34821515800819,28.096677773746794,4.889838819736475,23.72849938538055,39.66994592435442,4.0,199.19683454941475,STATUS,1.0,0,normal
20.5504114176454,92.52435070634819,28.13923685370165,5.086269171550199,22.703166528909435,33.17916956889593,3.0,120.55866978801387,SET_MODE,0.0,0,normal
19.9620873121122,91.9822551679507,27.925520239677706,4.650784810278252,27.202319007421746,36.660680357813305,9.0,677.0551795918027,GET_POSITION,0.0,0,normal
20.779332576668285,91.66563549006798,27.82697613610228,4.892602869675999,20.386876574409992,41.34640571024867,6.0,311.0377188661905,STATUS,0.0,0,normal
20.71443802758861,92.0450026027906,28.04017654567995,4.7421159458364635,26.69432879294245,37.827912214456845,3.0,130.36492554273534,SET_MODE,0.0,0,normal
21.297574601109176,92.93693826957211,27.876469754406124,4.732829356822696,27.05345840065899,37.21223415944761,7.0,304.3564735907048,SET_MODE,0.0,0,normal
20.28580817161743,92.07806131153409,27.92226210417082,4.367048527812307,22.361068973346278,39.70162929196769,5.0,311.20365529219043,SET_MODE,0.0,0,normal
20.473847909288367,92.56132636394834,28.198791413565555,5.401797976844,22.539014616602596,41.37439014071286,7.0,558.0177541495024,STATUS,1.0,0,normal
20.463834200650368,92.05199269867656,28.124067314284865,4.794038374053869,24.330922956200794,34.25459017184336,7.0,320.6062908356536,GET_POSITION,0.0,0,normal
20.973582617274676,92.83079883637096,28.023696146837718,5.349012816549065,25.846108631386663,42.200513924871515,2.0,87.96974247597275,REBOOT,1.0,0,normal
20.28363420784756,92.82794999611134,27.80921214983309,5.320637696418288,24.541435024557323,36.79882687357049,7.0,402.72508651258534,SET_MODE,0.0,0,normal
20.413145506378594,93.44184538293548,28.031709485120597,4.6142000880450516,26.30068738057564,39.928288127000805,3.0,187.59975046089545,STATUS,1.0,0,normal
20.525116071918703,92.46108607839905,28.15939859361813,4.673476629298146,30.288938957612196,39.85831943723396,7.0,362.42650048582334,REBOOT,0.0,0,normal
20.3376604366909,92.91350054249358,27.94365495013517,5.768150887806705,23.476849692550857,37.8917355270409,5.0,260.5044185027733,SET_MODE,2.0,0,normal
20.06614397270402,92.6574859001307,28.202667113498006,5.525277782578143,19.854460087889738,35.90536101547714,8.0,455.83248059166385,STATUS,0.0,0,normal
20.304697835920663,93.28463694891336,28.19391179342773,4.990544446001569,27.47777074909196,38.85725380763095,3.0,157.6974738180727,GET_POSITION,0.0,0,normal
20.639505138366463,92.30449990471955,28.249559924821522,5.077211931925205,30.04994372778259,46.50132123630078,7.0,536.2928433991847,SET_MODE,0.0,0,normal
19.783085400543982,93.06259622394519,28.045786468979703,4.810746079115844,26.178305089153373,34.553299878145474,4.0,166.71273140650064,STATUS,0.0,0,normal
20.231169169084055,92.61788127286117,28.0881087549709,5.129705814260102,21.736753973938995,46.769252076419505,3.0,148.14841918443295,SET_MODE,0.0,0,normal
19.882875576710013,92.70722766714866,28.212128093249664,4.7848454297832586,24.628322910294397,38.96111531569387,3.0,217.02633554729056,STATUS,0.0,0,normal
20.626540020189953,92.80824205243215,28.067109090560347,4.390293870710485,21.644429547365103,40.141485668354555,2.0,146.71664997319652,GET_POSITION,0.0,0,normal
19.52550088518737,92.91047916285193,27.92481488383147,4.603533264046685,26.928566481888843,35.653156754461094,9.0,400.1598284271124,GET_POSITION,0.0,0,normal
19.898119860170294,92.74718371991273,27.93271857452082,5.006327824355176,20.946128791904698,36.91492233329008,10.0,789.5053800050866,STATUS,1.0,0,normal
20.26014674635678,92.9325373974557,28.03578324306606,4.660679829349224,24.0996136395154,37.988361399847925,7.0,474.1393579717504,REBOOT,0.0,0,normal
20.723707132913837,93.63306299482893,27.80641578670807,4.97981676052594,21.986986521118283,35.81722011648835,7.0,356.32605567540674,GET_POSITION,0.0,0,normal
20.060096662038738,93.35449001645891,27.978511162695373,4.677601688170141,25.380474055404886,39.16432817051651,4.0,232.96605837031274,SET_MODE,0.0,0,normal
19.85388142426168,93.3130393203461,28.16448206773454,4.765293823249402,23.900974968586727,38.37193643277291,4.0,207.54217913087473,GET_POSITION,0.0,0,normal
20.81865516721334,92.6663224938887,27.67131192232521,5.255949591923957,25.530286309750792,47.403124569742936,5.0,230.00444997088385,SET_MODE,0.0,0,normal
19.477885842347945,92.46403334186273,28.230172315269176,5.074244164292032,25.067051664899097,35.336103257278154,3.0,154.94136776986983,GET_POSITION,0.0,0,normal
19.169137273644115,93.39979482905144,28.168356132805474,4.9971006736059955,22.04002291682767,40.41076206699435,7.0,442.42574249709315,GET_POSITION,0.0,0,normal
20.216904022315028,93.37258620859498,27.93103530762543,5.263689191921196,26.880631190587067,40.9913851276073,4.0,292.155151173675,SET_MODE,0.0,0,normal
19.83298652154924,93.68224219981103,28.08150862418077,5.144182578004204,24.853703044470652,35.71871780539265,4.0,218.16465198233234,GET_POSITION,0.0,0,normal
19.618897396306348,92.65418484996157,28.000472159035947,5.43396898737541,22.034412976402297,42.747309981811355,4.0,215.66424648765468,SET_MODE,0.0,0,normal
20.30498862567072,92.85059199751825,28.1844985552658,4.862042221305458,31.722779668617378,38.40669194847349,8.0,469.7602243460233,SET_MODE,0.0,0,normal
20.114095845285952,92.15373702309333,28.147402471415493,4.871109506441748,26.429290500151374,30.03044139366773,5.0,328.91111999286926,GET_POSITION,0.0,0,normal
19.78654829640619,92.78427684904815,27.78998939152255,4.6096672200825966,24.540218339802085,42.63939844841826,3.0,210.19395149187713,GET_POSITION,0.0,0,normal
19.4963374491753,93.48475052145987,28.088089362019627,4.871305784788274,29.24561358010547,35.53223646359054,11.0,583.7917821117685,SET_MODE,0.0,0,normal
20.354397374619435,92.7580892010941,27.969155821953514,5.289430968290734,30.525446828159822,35.8089002154436,7.0,444.1786909910389,STATUS,0.0,0,normal
20.263126336087986,93.31536651375318,28.012424885577715,5.38999621167864,24.563951733058346,42.75160833156959,5.0,277.87216825617645,GET_POSITION,1.0,0,normal
19.96168344859094,92.9025823764368,27.890774214854527,5.288091550426,26.042192459304285,38.6113540703262,6.0,411.9359640872126,REBOOT,0.0,0,normal
20.738993258400257,93.16148697814089,28.262220560368124,4.461742440035169,22.035991545991177,43.671088602206,2.0,93.17399364136166,GET_POSITION,1.0,0,normal
19.571966093469538,92.42615430509217,28.156009272985386,5.32494356379822,24.558421747695967,44.84066438146127,1.0,50.27699460205184,STATUS,0.0,0,normal
19.390128391611295,93.04206318884705,27.889034325404054,4.448444413018379,24.40281233872039,37.42028615871081,3.0,171.12725038112995,STATUS,0.0,0,normal
19.724590566150194,91.50226594398534,27.799808408963465,5.269435197236704,25.55448110086496,43.17304998382012,5.0,377.88295798427356,GET_POSITION,0.0,0,normal
19.984811458362323,92.90167853707177,27.942149105353323,4.889664642028683,25.998281435911032,36.97815679442847,7.0,440.53122101819326,GET_POSITION,0.0,0,normal
20.102750223036452,92.17610026885063,28.065175396913695,5.210759994180156,26.679485346484178,48.932463668528705,3.0,235.84753427776943,REBOOT,0.0,0,normal
19.911964785501127,93.58946252444355,28.036030876591933,4.60026549563163,25.712927968899876,37.22817198187514,4.0,176.52442964497342,GET_POSITION,1.0,0,normal
20.1530019073066,93.36921607846084,28.187969923715237,5.351350289811844,21.367772120112505,44.10434976384002,2.0,116.8140330920748,STATUS,3.0,0,normal
19.51595979010129,93.20681459533908,28.118487958327126,4.560507576168534,22.184598682776745,43.375160103526305,5.0,283.81570600907685,REBOOT,0.0,0,normal
20.599151888380284,93.72586943877812,28.145435353862936,4.799463526744047,23.36077714160898,41.26435128843573,2.0,128.01649411247746,GET_POSITION,0.0,0,normal
19.994530051801604,92.48171690253376,28.049028310091565,4.7005716116692895,24.153278224230313,37.31782735433327,5.0,362.39292174151564,REBOOT,0.0,0,normal
20.480726543925535,93.81958846089331,27.791605190468353,4.473714544153251,28.152322871416338,39.39441003223436,7.0,515.6054471632569,REBOOT,1.0,0,normal
20.17798838084477,93.4006585944603,27.970645220327963,5.028358270276541,21.51118303944126,31.38564754822179,3.0,200.423353044661,STATUS,0.0,0,normal
20.23136094395366,92.8038669063231,28.1590134609863,5.541826735351089,23.9277548554879,40.897680153529,6.0,393.9687274189329,STATUS,1.0,0,normal
20.28499831460732,93.47646382956837,27.992271560721303,5.800071566696003,27.85902849464215,41.39846132411354,3.0,233.88354504537688,SET_MODE,0.0,0,normal
20.24527576344403,92.34094550069481,28.075463555293563,5.029146736125874,24.100367576510163,40.533997676245484,10.0,553.4749606553698,STATUS,0.0,0,normal
20.333050338885975,92.46620494333384,27.95218775271308,5.335004382520257,26.38124694952847,28.10677531482977,5.0,366.5566628376976,SET_MODE,0.0,0,normal
20.618057778520903,92.55747031203146,27.845528222718723,5.069628391378561,24.58137387121629,34.937454219640756,3.0,230.5804472510753,STATUS,0.0,0,normal
20.17610598910069,92.57951511201583,27.981498390393085,5.1496649584304635,25.770349771974168,37.00763606860535,7.0,417.63098839425516,STATUS,0.0,0,normal
20.392863499366378,92.29690198449032,28.0463571164549,4.897355404661829,24.31458236857138,41.166635732756184,3.0,207.49230943239604,SET_MODE,1.0,0,normal
20.085794321364038,93.41683977502137,27.901646842080783,5.058523077626781,27.00119641818506,41.15735562257194,5.0,275.4039713341812,SET_MODE,0.0,0,normal
20.71082253328067,92.65493176445366,27.964643313271498,5.161243611381929,20.364830777780696,39.319104832115286,4.0,185.42064227126465,SET_MODE,0.0,0,normal
19.87796444779631,92.9386182943864,27.859080513702104,4.826462081337101,23.910063974834365,42.54098214641583,7.0,444.22108681227905,REBOOT,0.0,0,normal
20.883300075850002,92.45414607249607,28.167886737634614,4.9767517100321035,25.889718030082925,35.8950304987884,4.0,191.4354641359251,SET_MODE,0.0,0,normal
20.161918119167566,91.80492827064525,27.955831636361793,4.982470964300753,26.60108574401858,42.44094002277598,4.0,233.21586092861907,REBOOT,0.0,0,normal
19.621381479461185,92.82512224670226,28.217913331768926,5.2479209951991574,29.478857868261482,41.89896841935956,3.0,224.7455175994,REBOOT,0.0,0,normal
20.26129420438687,91.70778861081402,28.229312177581136,4.680190348511696,23.826925999403272,41.510218931351645,6.0,260.6443650152833,SET_MODE,0.0,0,normal
19.95464117577139,92.60238403493912,27.987843105291738,4.984537337417705,29.438445285582617,39.27183827565737,10.0,412.1714142658598,SET_MODE,0.0,0,normal
20.580974838119722,91.92429461094483,27.8487326901179,5.573601640715809,23.02292852002099,47.322975299325044,3.0,192.7773416858265,SET_MODE,0.0,0,normal
20.001967195707397,93.57281113973004,27.68711531834,5.349218045775781,28.985939234633932,41.972782753959514,5.0,266.212265318979,STATUS,0.0,0,normal
20.10348409474617,93.00454941223603,27.77919443904598,5.404753714666612,27.452401380095118,36.126656546985764,4.0,226.87003310814646,STATUS,0.0,0,normal
19.545720603692246,92.570417861923,27.7939247762652,5.0073295520534105,22.259624261103333,40.99322190294394,5.0,281.1421177316663,SET_MODE,0.0,0,normal
20.14082989310271,93.1170494655436,28.206770444119226,5.096299269105807,25.921117711755464,43.009933508296875,2.0,86.92961832076509,GET_POSITION,1.0,0,normal
19.373049574717705,92.02867992267628,28.017373688084042,5.300670850010878,24.846292493403425,37.64756560430276,3.0,120.42797192155135,SET_MODE,0.0,0,normal
19.730519597771774,92.68921052586936,28.0584406786138,5.468076658859279,26.876753781025002,44.357088987724396,4.0,303.74771885828227,GET_POSITION,1.0,0,normal
20.69035364068051,92.48200477170289,27.66693684865973,4.414519126135134,24.33018523470007,41.52813482286404,6.0,292.2716546168991,STATUS,1.0,0,normal
20.72323952905896,92.47773889570904,27.820305035617412,4.6053676078850465,24.078261323014807,30.63008664933861,7.0,399.30211772200073,STATUS,1.0,0,normal
20.60245573650098,92.9445404111942,28.133061966466943,5.392833230420794,29.107283748288552,41.198687909351705,4.0,315.50812746737256,GET_POSITION,0.0,0,normal
20.069453897880493,92.63625508317843,28.043016116857387,4.916933193269359,24.70383731663298,38.37588338234914,7.0,511.4935229554227,STATUS,2.0,0,normal
20.461746607800606,92.37503199100067,27.97791920819716,4.798483763222577,27.4792669725753,42.14871925816694,4.0,177.26893684203236,SET_MODE,1.0,0,normal
20.504588752867935,91.36290865227919,28.084726353790018,4.623751703901319,24.3239455448674,43.776859361007254,5.0,301.70380632251715,GET_POSITION,0.0,0,normal
20.06849092270592,91.66903797494757,28.245369670920372,4.833494989536767,29.999989777682572,40.78064818856727,6.0,415.2189663588038,GET_POSITION,0.0,0,normal
21.159608066741836,92.04544753954617,27.96684363046944,4.579289214972853,22.96499611199352,46.66100893577878,9.0,611.4214025997164,REBOOT,0.0,0,normal
20.93620695193563,92.11026693000974,28.01040547039871,5.627328281819743,23.157569406258446,39.285172461746015,3.0,211.30102228853642,STATUS,0.0,0,normal
20.524487340695224,91.4543013212997,28.028889537809697,4.993269184405828,29.57355154334771,42.499271292215504,9.0,524.6836757596927,GET_POSITION,0.0,0,normal
20.651832267114,93.18011364736331,28.358816445291097,4.982614837471185,23.665160827314242,43.21977029454939,6.0,282.2215030392677,GET_POSITION,0.0,0,normal
20.75322610425683,92.68640025790229,27.685096560337147,5.17642300255035,29.803222918493177,39.61061612442907,2.0,117.18979551354981,GET_POSITION,0.0,0,normal
19.88256031315345,92.18225234335918,28.102483452218323,5.288703550779971,27.67552173878444,43.11509723191113,9.0,593.2394097023852,STATUS,0.0,0,normal
20.630346839089132,91.86926996328609,27.98277966268614,5.283766446966392,24.5360508803175,37.62130805135133,4.0,257.3747338568269,GET_POSITION,0.0,0,normal
20.486965820018753,91.67828028430083,28.08501575892763,5.322086583172272,19.560119583948524,38.30972632391513,5.0,214.1044107577215,GET_POSITION,0.0,0,normal
20.39022730306575,91.25864027875095,27.901394116900793,4.810746334762743,24.942045087184493,34.75004523865475,5.0,212.99048681643836,SET_MODE,1.0,0,normal
20.710120825780937,91.72264275056291,27.992655245371232,4.910639958512942,25.304890160600273,40.96563646548019,4.0,314.4412529848339,SET_MODE,0.0,0,normal
21.573886747964597,91.76117685051172,28.106711586919825,5.230709496632683,28.501653199913118,41.30100670341738,3.0,138.21665460477254,REBOOT,0.0,0,normal
21.143961668103493,90.95892047450448,28.466936530156577,4.841783281508114,29.765341528720334,44.717052634316914,5.0,258.89249280234435,GET_POSITION,0.0,0,normal
20.692522063866022,91.69349835297582,28.12120542841031,4.998468010391832,22.945038462568757,43.16456001742353,4.0,282.8215171449865,STATUS,0.0,0,normal
21.183948140667727,91.39450643058721,27.872790160295423,5.1196291293274445,27.403545291964548,38.86081777341027,3.0,169.16124909878098,REBOOT,0.0,0,normal
21.54912621085918,90.46308176310166,27.936436047696596,5.235555524693113,27.296206468040047,35.28728125066289,5.0,236.29297065200655,REBOOT,0.0,0,normal
21.394249490690868,90.93077386656903,27.931987883742423,4.466695711288939,28.220238107231335,41.7314016100799,6.0,352.13577175434756,REBOOT,1.0,0,normal
21.083798379934457,91.09728326214295,27.7306535241055,5.214423694966683,26.496069736406632,44.443012689658566,9.0,564.8219894748117,GET_POSITION,1.0,0,normal
20.83725515553447,92.19019604208337,27.950486471244783,4.929882782644483,19.17250692711469,43.020739895215776,3.0,174.33199311336907,REBOOT,0.0,0,normal
21.41193136177562,91.4660493041386,28.10992436227326,5.2122373132593145,24.53373270241672,44.33791009942915,5.0,383.7892150944218,STATUS,0.0,0,normal
21.327171938573812,90.46061476040187,27.80886518213848,5.2330795077064485,21.532877275249255,39.15244187520703,7.0,359.7158026278612,SET_MODE,0.0,0,normal
21.565509371266742,91.31112681149978,28.15727239765759,5.482374518335747,24.392182681245778,38.13352412729742,5.0,332.2664321399342,SET_MODE,0.0,0,normal
21.499668555765286,90.23338826938283,28.07316622316265,5.406036094286361,27.94001270840168,37.052394591072805,2.0,88.98357771279181,GET_POSITION,1.0,0,normal
21.704096958740763,91.48650413076268,27.889865001704344,5.403971498783089,25.915452507624916,39.776414133545615,5.0,278.4570915328053,STATUS,0.0,0,normal
21.10936087507663,90.64690973856969,27.978770554399322,5.433101095749872,28.4442725991923,39.68563681612472,7.0,487.4781104437926,STATUS,0.0,0,normal
21.890089418388484,90.77217103821481,28.239748271146155,5.087413695444784,26.02526176214062,40.82671051415647,8.0,391.9414209886289,STATUS,0.0,0,normal
21.482340840183696,91.4176167264803,28.11003217202588,5.009655526111052,21.10502218099329,39.48281017185797,2.0,127.181683652353,GET_POSITION,0.0,0,normal
22.27406148899942,90.04608679178898,28.001317548234724,5.2618451249535,17.437458980281797,39.46548908109291,3.0,138.41244350508725,STATUS,1.0,0,normal
21.20941958563586,89.9252893668488,27.96434750245585,5.219624285429907,25.446426285038772,36.89322378811143,6.0,264.6484059267291,SET_MODE,0.0,0,normal
22.22109366897111,90.26546730049897,28.01149136056775,4.907280128978522,24.358220600946503,43.76647605420597,3.0,182.78792987100513,STATUS,0.0,0,normal
21.647956124041396,91.00912252845951,27.923235466308654,5.121447022642481,22.069162781854352,40.30607224897484,6.0,402.00263906064686,STATUS,0.0,0,normal
21.350772802825553,89.66218295542744,27.684287574142147,4.989471059964622,19.898118251045865,39.30222426285887,10.0,445.34682649379334,GET_POSITION,0.0,0,normal
21.460792634583974,88.93696705181559,28.30632668658021,4.743820127461984,22.795770359581873,37.01028298700318,2.0,153.4221001898332,REBOOT,0.0,0,normal
21.56966795672723,90.05792956278756,28.02329874987991,5.387138222412905,24.416525545405673,34.67234755843565,6.0,294.18534304739205,REBOOT,0.0,0,normal
21.911380234453492,90.4891282305271,28.059722089768382,5.0165597727590265,26.99763347111917,45.231856770197375,5.0,223.99506163186,GET_POSITION,0.0,0,normal
21.995196146781506,90.74243175236174,27.991313837518465,5.614612477309655,25.56589324470394,42.21855483252723,3.0,144.32386900202528,GET_POSITION,0.0,0,normal
21.601365161431012,89.839067058147,27.88973247989131,4.51235231894005,29.824201741518188,33.504328629720135,4.0,187.13159304509472,GET_POSITION,1.0,0,normal
21.866315590375798,89.7925948127937,27.972111327857686,4.83296636814699,21.893187831863816,43.052569202838626,5.0,218.13493012258982,GET_POSITION,0.0,0,normal
22.778600766816453,90.50224216973315,27.760090785670855,5.009791651007261,27.6431766761723,43.689924680932435,5.0,359.5678469557415,STATUS,0.0,0,normal
22.658761841046214,88.9167378333428,28.341562974707994,5.3412143292886745,25.141896229386184,40.49750448920372,9.0,538.39359890788,STATUS,1.0,0,normal
22.188736509355678,89.5830083460308,27.814823200236642,5.119840811780655,27.084007372355753,46.39244358300704,6.0,333.2446656908839,REBOOT,0.0,0,normal
22.076275129804912,89.79749396330232,27.845205057422923,5.093141826254225,23.69045541020337,40.86687856849153,4.0,312.10046831746126,GET_POSITION,1.0,0,normal
22.15635084984737,89.85126804998642,27.93396111934204,4.661820862233756,28.21504112167177,34.33270588820324,3.0,164.52100644777488,GET_POSITION,0.0,0,normal
22.401401573577903,89.29550563822738,28.193211358727858,4.652917580831159,25.88567427503573,41.46067600419328,4.0,186.71563616755031,STATUS,0.0,0,normal
21.7949184565669,89.4907637336189,28.0021763498894,5.096751398086972,22.96166504524675,40.97958920685092,2.0,101.9234313541277,GET_POSITION,0.0,0,normal
22.149504494676634,88.15190814785996,27.814579630595432,4.590768201854493,24.963927913260434,37.58681260488738,5.0,247.7933067177193,SET_MODE,1.0,0,normal
21.633813080691397,88.98888105744518,28.1881507541136,4.840436674913201,24.2813324231887,42.2942353475097,4.0,239.79860473012877,STATUS,1.0,0,normal
22.510092927876084,89.46610847014288,28.109650094017823,5.150275198725757,26.46753505191338,33.32933893523655,2.0,103.32040991636592,SET_MODE,0.0,0,normal
22.658797736235012,88.6689820063064,28.08076524358247,4.705302718316967,21.460669751876473,43.96226730977116,5.0,303.21223443727234,STATUS,0.0,0,normal
22.256512466251877,89.1098328289202,28.107360136175625,5.481606788708542,24.911944893652915,36.48751318557819,11.0,734.4891069765871,STATUS,0.0,0,normal
23.129594705316013,89.22343625040135,28.359154285087367,5.367180903271367,26.18592175794799,36.06021549953187,4.0,284.36780571412123,STATUS,0.0,0,normal
22.060245143608622,88.74784314547583,28.327764234255415,4.5285740004985096,25.0990699215791,39.54470091077009,6.0,410.43786750413545,REBOOT,0.0,0,normal
22.015684481664838,88.92293679150026,27.896992698549507,4.720288627045404,29.040823733166988,41.731891712174544,2.0,96.44725731650888,REBOOT,0.0,0,normal
22.742422913494533,88.27440621964482,28.24358274892167,4.314266826651515,27.322068322213156,40.655696254373716,4.0,178.5439550788406,STATUS,1.0,0,normal
23.1230070541098,88.57002598724809,28.057475228463836,4.76522259123556,24.97755760977776,37.029363336910485,9.0,555.2820572764504,STATUS,1.0,0,normal
23.429575175580833,88.89550152639832,28.074864372420663,5.22991654297172,25.65006729249302,37.97564283523245,2.0,95.91294329665162,STATUS,0.0,0,normal
22.624590560907034,88.58545565479685,27.7461593752535,4.875831517317543,25.886996654445998,35.467830610490154,5.0,216.98674435430266,STATUS,2.0,0,normal
23.292053508664242,88.12980448475126,27.974442135191772,5.1382391730847905,26.209898812500473,39.10128039348052,4.0,244.33509487670676,GET_POSITION,0.0,0,normal
22.89790433979062,88.45081583799994,27.878076461449517,4.543299704515476,19.523026013006177,44.30008485804364,5.0,265.35883702155905,GET_POSITION,0.0,0,normal
22.897265864644666,88.61119803992472,28.124208822233996,5.239392576374572,24.09542111269196,39.982948249424496,3.0,210.73788143262044,GET_POSITION,0.0,0,normal
23.373065144798886,87.14366748902451,28.160662075060422,4.833467231621495,20.54668279541972,43.437657019037815,4.0,210.27066088774689,REBOOT,0.0,0,normal
23.33408282065312,88.66249116161754,27.68882704734755,5.003650904684871,28.83484284237846,45.82160535090477,5.0,395.74342741116277,SET_MODE,0.0,0,normal
22.496410170126733,87.82872537798677,27.99669477039936,4.972137649582084,24.817451439991217,37.647925923852135,7.0,492.3864935529983,STATUS,0.0,0,normal
23.7716501151246,88.12309060624533,28.16827922571914,4.6185354437323145,24.41997715096113,39.25370698777854,6.0,253.84637315732692,GET_POSITION,0.0,0,normal
23.78738371808964,88.42206797953357,27.971998155652983,4.654074700478065,27.690391996099706,48.68477144424998,5.0,301.7745480712552,GET_POSITION,0.0,0,normal
23.039674202767845,87.05032429799012,28.109359546750355,5.290338340701028,26.266974392349624,45.77737364791978,7.0,437.5337403399509,GET_POSITION,1.0,0,normal
23.503004323950165,87.29378684186591,28.052674820144063,5.119697647250509,21.614096456862377,33.31038189675059,5.0,339.06054213631955,STATUS,1.0,0,normal
23.597302715728237,87.41622062611792,28.051249034792892,5.315014712466028,24.787283912417895,41.54859326424363,9.0,539.206846932153,STATUS,1.0,0,normal
23.559184534454822,87.08025919443737,27.959302753289755,5.097397470650756,23.994499080320846,40.00223996935878,5.0,296.6887196829146,SET_MODE,0.0,0,normal
23.290226533269422,88.25091053622626,27.817512879379642,5.042897190442765,19.766401334181836,43.30581244343505,5.0,273.5877223355225,REBOOT,0.0,0,normal
23.297334489269325,86.86603981477532,27.831770477886245,4.48219681439997,22.929171300288385,37.02008493005978,8.0,406.8676428477356,SET_MODE,0.0,0,normal
23.611591592518423,86.92732545679257,28.106402877168296,4.918889990971649,24.449379033950603,36.64156651183731,4.0,311.3920339162775,STATUS,0.0,0,normal
24.14692079751773,87.21766781209911,28.002918738327832,4.991784703878877,24.65514720552447,37.29571713882556,2.0,105.40773357074976,SET_MODE,0.0,0,normal
23.95146422131376,86.42448658180038,27.979223163308916,5.585932159481772,20.553305728968073,37.71228581520627,5.0,212.68426491606616,GET_POSITION,0.0,0,normal
23.642144789167222,86.73753480891921,27.93641649365165,5.206086989629603,28.454996749142428,43.26129666723606,3.0,140.07416871520948,SET_MODE,0.0,0,normal
24.155600130547136,87.0036535965646,27.954221673177887,5.460818354512859,24.69369082332568,35.27519530740448,2.0,148.5821308833032,GET_POSITION,0.0,0,normal
22.764189830808444,86.58779879131198,28.15703676917322,5.1792613117684185,25.112659229981688,37.509544400162724,5.0,317.3266918246768,SET_MODE,0.0,0,normal
24.419947826060035,86.61660009709212,27.949713387719797,4.786609031915156,26.20192491501951,32.84395043799424,8.0,569.209775800661,GET_POSITION,1.0,0,normal
23.32153144082461,86.30746682003846,27.798840293004766,5.0351372648449555,22.635771238288985,44.02847129364949,3.0,217.05378553676331,SET_MODE,0.0,0,normal
23.929549008215172,85.72352422976734,28.111547766331025,5.0708670938792695,26.369067919398088,45.08412039772456,4.0,291.7178302737717,REBOOT,0.0,0,normal
23.683891153814887,86.54998202700506,27.96926850042029,4.718253329068795,23.89877606194545,38.691706276544856,11.0,682.2700314076278,SET_MODE,0.0,0,normal
23.6712377941838,87.17488992066816,28.004709379829915,4.884683787022124,22.310243378058424,38.80820254074711,4.0,188.33929531185677,STATUS,0.0,0,normal
24.71090215370399,86.21468651338759,28.241136745959928,4.938269901896849,26.720342480066197,41.812887609131586,7.0,321.5051706261197,STATUS,0.0,0,normal
24.117054014674913,86.2260168663043,27.996915916397423,5.481685949769536,29.475021576405425,45.897928029513025,1.0,62.9593768150045,GET_POSITION,0.0,0,normal
24.50039331338931,86.36749456044319,28.043377550967808,4.375777842382707,27.174488120457497,41.63444299025567,3.0,163.98172244228118,STATUS,0.0,0,normal
24.400767197822177,85.29407806472848,27.823161476305252,5.361745526214813,27.76893269542129,37.20983223009954,2.0,124.64385929966139,GET_POSITION,0.0,0,normal
24.668174014550974,86.68748503520605,27.967049582147357,4.718961429512185,23.438108180313105,33.52470971205424,6.0,359.63468261708755,REBOOT,0.0,0,normal
24.565979451777135,85.84476328564655,28.09142890678129,4.588376243819116,20.20714081249463,35.53949494934605,3.0,192.2637695637058,STATUS,1.0,0,normal
24.080009736985275,86.46679784688743,27.766693939923815,5.353982639011539,29.470412566299522,40.29287780124986,5.0,206.42235814731308,STATUS,0.0,0,normal
25.04972435905823,85.191535292191,28.030126763967356,5.2195694207703145,31.16354466821428,37.37868990719682,8.0,330.50773780163945,GET_POSITION,1.0,0,normal
24.5117732221831,86.37418959256271,28.01511866089672,5.376355610714357,29.628420321309047,40.77987082396304,8.0,550.9104546715228,REBOOT,0.0,0,normal
24.144740679547358,85.75978024459938,28.006193118338118,5.240210584263673,23.992642183060752,37.78830393505506,2.0,95.45017950581759,REBOOT,0.0,0,normal
24.65425645210112,85.5557160165462,28.155573834798737,5.617953500521221,21.53609698381347,35.76741427482236,6.0,396.5276309260935,SET_MODE,0.0,0,normal
25.483959134383444,85.30316387816903,28.050165777227278,5.167617151083346,21.8029519065413,35.29187347418772,7.0,433.04125502160724,GET_POSITION,0.0,0,normal
25.281912367838412,84.96881781737395,28.221710784753466,4.953056787163052,19.948802297157854,46.249418037492916,3.0,237.8153365685548,GET_POSITION,0.0,0,normal
24.860539146236853,85.60026582923693,27.850961572660896,5.102877913196402,24.677864144769863,43.55595099673457,4.0,293.66494062128993,REBOOT,1.0,0,normal
24.91847324727961,84.97709780851285,28.020388685082754,5.373040738503789,29.817033874247365,46.92207180731184,8.0,452.2030468260318,GET_POSITION,0.0,0,normal
24.987690761383327,83.83031349721398,28.01267001795849,4.766187402421965,24.57501210438327,42.159803603020414,6.0,387.9390768223596,STATUS,0.0,0,normal
26.005196676936837,84.16221079552649,27.83961182593674,4.804433425240585,25.906968701044825,38.280034365540644,5.0,223.4578914450944,STATUS,1.0,0,normal
25.385400741881348,84.53487462632167,28.143444250313703,4.907311995620628,29.126790892912624,45.293363689959754,2.0,110.91088343699047,STATUS,0.0,0,normal
25.462740803428808,84.68984086029896,28.348700995877923,4.3686251603704,23.7877140645028,39.86772799455293,6.0,416.1330578615698,GET_POSITION,0.0,0,normal
25.760895750333358,84.41365396559705,27.997449088827427,5.041423522525264,31.106594370158785,40.88336708116141,5.0,324.5343168257307,SET_MODE,0.0,0,normal
25.50230903694989,84.95861599755398,28.075753163241064,4.434161388814692,30.97628322249236,39.828702483697924,8.0,475.03082380075455,SET_MODE,0.0,0,normal
25.36113244631868,83.28085018054554,28.0126777713723,5.015917793879786,24.606665983958553,28.21238312286394,3.0,141.1834924863203,REBOOT,0.0,0,normal
25.444102376704276,84.23556626211135,27.892962299513922,5.259586926840575,23.267397207942363,46.41894004917941,5.0,360.6291852315089,GET_POSITION,0.0,0,normal
25.551824066860526,83.16226707430458,27.726885958329696,4.85693706180685,27.09171413917094,41.964015783831016,4.0,203.7066567058523,REBOOT,1.0,0,normal
25.623319344699038,84.35872296485734,27.894133977535695,5.503134761056061,23.957425172443426,41.31929224347404,7.0,509.73414286533466,GET_POSITION,0.0,0,normal
25.98691732225512,83.83938583509848,27.79120624285724,4.561849730174454,21.530334348797993,39.75289575091776,9.0,580.1792626061978,SET_MODE,0.0,0,normal
25.774206915570335,84.0043192880162,28.25561531170887,5.3573782044895495,28.84371596056894,40.653711281544524,6.0,329.455542707709,STATUS,0.0,0,normal
26.103945646414065,83.27063513486058,27.982733545911515,5.2025411169220765,28.64934216183124,37.61088425661501,13.0,541.1147154191956,GET_POSITION,0.0,0,normal
25.835954256291213,84.25054704449343,27.948112100642923,4.485190025506793,25.466534811290682,42.466317409229084,3.0,147.89026132132523,SET_MODE,0.0,0,normal
25.956928691350004,84.04010294767171,28.13337307371817,5.81323828971216,21.211405738815465,34.77160662240347,7.0,528.9398591366859,SET_MODE,0.0,0,normal
25.183302773851302,83.71963927524331,27.831737334571617,4.98087641434881,21.31142124634784,40.74427372988219,5.0,363.5948687791435,SET_MODE,0.0,0,normal
26.406089523969783,83.27194785002622,27.884970394299316,4.7367547933533105,25.32168786525746,42.24629388228442,6.0,377.9647951041835,STATUS,0.0,0,normal
26.234988511298717,83.53569964914433,28.010210840387295,4.577873841564795,23.500386896484905,39.205323464708385,11.0,645.1818841433359,SET_MODE,1.0,0,normal
26.552283397656065,82.8016267500668,28.15431534871352,4.933994591702098,23.976721203575174,41.4834711698841,7.0,461.19995021243056,REBOOT,0.0,0,normal
25.051107326720867,83.49240266471301,28.075252756775317,4.961777938283012,28.06588946518001,36.034662431063,4.0,234.59970045492824,SET_MODE,0.0,0,normal
27.10132572243629,83.79917910232356,28.03724877137738,5.030793658561899,27.199537952267672,36.136692916416145,8.0,526.177549030125,SET_MODE,1.0,0,normal
26.26633495892394,83.41983198369196,28.011717660285402,4.910661153132812,29.13442804149284,40.94686848410557,6.0,313.77698391843785,GET_POSITION,0.0,0,normal
26.821459905780003,82.4300999185603,28.060035378329015,5.189967593034528,22.028130329868226,42.714198618484204,4.0,294.159554865836,GET_POSITION,0.0,0,normal
26.01805379270524,82.88628279694782,28.03024793576939,4.883711050201026,23.970425293939865,32.500537377993155,4.0,272.30686295444264,GET_POSITION,0.0,0,normal
26.734760967217436,81.96998697981282,27.84550415878346,4.419510764827859,27.276945086380337,42.08808254044307,7.0,372.39317595975365,SET_MODE,0.0,0,normal
26.123718746605274,82.81405920058828,28.00691188324497,4.9551915513051075,26.344235023038674,37.82719399849465,8.0,585.8131567435012,SET_MODE,0.0,0,normal
26.350801774506532,82.6648067323755,27.83894670116234,4.289756703988017,29.597141147762866,39.22877565077035,3.0,178.48110370238146,REBOOT,0.0,0,normal
27.420929630971504,81.41658448715425,28.012162381435125,5.106131189267417,26.26161011771221,34.64192830573985,8.0,375.8844367159877,STATUS,0.0,0,normal
26.633827756323008,81.68294693143845,27.927902808776764,4.706209930915209,30.544327312316657,36.593531039253165,6.0,258.6509908808464,SET_MODE,0.0,0,normal
26.851625972841227,82.03498603391719,28.38090724341743,5.04900810647474,26.620053405169422,43.86450130212125,8.0,543.8738392439105,STATUS,0.0,0,normal
27.16699311704125,81.93922448680438,27.994015842437243,5.394222494457381,28.18650234276598,40.13145349592085,3.0,223.81449650496128,SET_MODE,0.0,0,normal
27.071305722268594,81.39840878496331,27.789364065060763,4.7153753914196,24.029455159646627,38.46888639316177,3.0,216.89303863134526,STATUS,0.0,0,normal
26.987013892769674,82.11153523553648,27.97987296839846,5.318376877553636,25.042861635651967,39.534046589475864,7.0,463.58228846220254,GET_POSITION,0.0,0,normal
27.126383231182274,81.95709867615699,28.077903811845683,4.869983129994154,27.732833211518425,41.9568472986572,6.0,273.93001334514435,SET_MODE,0.0,0,normal
27.99504944947431,81.64897228940434,28.25100459192288,5.525958440619675,29.838934511779165,41.76197798465335,6.0,262.57057823439686,REBOOT,0.0,0,normal
27.063644753595646,81.28339661406628,27.91158214000919,4.890454216040536,27.18771084793226,39.699891998412795,4.0,215.20473968187605,STATUS,1.0,0,normal
27.21985844339426,82.10128344367503,27.762635803896455,4.747852104347992,24.75048468419614,44.37183644358667,3.0,222.58930684785224,GET_POSITION,0.0,0,normal
27.61211749234843,82.32073438223154,28.12252555171465,5.206171535118586,29.132005088585025,43.88185054762666,7.0,549.2861556858659,REBOOT,0.0,0,normal
27.6862062741855,81.16782581647306,27.792910194115052,4.869263081112909,18.424064031160356,41.65348811652159,7.0,347.58103935718,GET_POSITION,0.0,0,normal
27.770644389159205,81.0205849143265,27.934576683773876,4.747565145761297,20.73329649547938,40.21844713164028,7.0,493.38678776288157,SET_MODE,1.0,0,normal
27.602849902741124,81.48983133041887,27.96135692717335,4.856648044788862,27.04490267100517,42.629284380478154,5.0,314.7738433814411,REBOOT,0.0,0,normal
26.941363601159036,80.98328040412454,27.989554982004982,4.9866180403451,25.042325068759375,41.257069687204734,4.0,165.08917873247083,STATUS,0.0,0,normal
28.10282120411087,81.01118365376371,28.103374668561152,5.402654039373457,26.816540953372495,44.24320028722379,4.0,246.86661598927037,STATUS,0.0,0,normal
27.04146184279253,81.36982657586235,27.897454857657042,4.4197736763621265,25.193222567295827,43.59824550695323,7.0,505.66331283701936,REBOOT,0.0,0,normal
27.67126713492399,79.96498123812096,27.958940612174985,5.006924197685127,26.712837083811618,35.92698439432908,5.0,255.22455666880532,STATUS,0.0,0,normal
27.29837029963833,81.49902213899263,27.997859447057593,5.187471078396213,22.556791537020427,35.656147317033174,4.0,303.5778598352738,GET_POSITION,0.0,0,normal
27.623940982528822,80.79698614829906,28.022439693627817,5.058034572497538,26.711458258239073,37.195001822383695,3.0,148.35124882495643,REBOOT,2.0,0,normal
27.83025825387896,80.47624816410682,28.014674076206187,5.39295955083006,27.983243584622755,43.904554760267686,3.0,129.17677591728653,STATUS,0.0,0,normal
27.87608777653414,80.55931109832282,28.065400866283387,4.977696401072443,28.661651811793696,33.694764012915016,3.0,139.1927171327477,GET_POSITION,1.0,0,normal
27.96473281904785,80.50767144974428,28.12657592644626,4.944634567344217,31.040662883946098,41.579029556431976,6.0,440.88068849302044,STATUS,0.0,0,normal
28.489490123137717,79.58399036345473,28.058895117347646,5.177698864104003,25.73229533050716,41.450172364371845,5.0,283.4611838079056,GET_POSITION,1.0,0,normal
28.07307540144552,81.12081042438274,28.068037828526382,5.029794144485405,25.821733260541535,44.65059223474477,5.0,359.38911272433154,SET_MODE,1.0,0,normal
27.841263607346104,80.31838079779553,27.762666524988028,4.882877378515858,20.430482607478456,40.72135476265555,4.0,244.99728975833523,GET_POSITION,0.0,0,normal
28.371427825829272,80.4442323316014,28.00753415487485,5.154843211875914,23.405765796584724,34.627162437664396,8.0,473.77891993421804,STATUS,0.0,0,normal
28.508043622563925,80.6241662020965,28.07192613220024,4.804241512035007,24.420753777980163,36.16258015740751,7.0,505.9356824178903,GET_POSITION,0.0,0,normal
27.58726425057349,79.5641269686146,28.109341179185567,4.816646854394202,28.150958656829065,35.2720179124087,4.0,227.75801787398015,STATUS,0.0,0,normal
28.36290260065974,80.23842783316593,27.896147383864932,4.841601793470316,23.166996627731113,37.84822413466744,3.0,216.24392772796418,REBOOT,0.0,0,normal
28.449623933917906,79.79553171536092,27.901144108766704,5.4059207480499225,27.389020059246498,39.26839373030429,4.0,176.1059463941513,REBOOT,0.0,0,normal
28.0949126470887,80.28108451011592,27.91388489870746,4.033695093204286,24.99513484910986,35.33823389511577,7.0,458.16702835099187,SET_MODE,0.0,0,normal
28.808568869431927,78.7231284592526,28.0804620849837,5.1186796504288825,24.468495654655715,45.882647962609155,9.0,612.9313403587145,GET_POSITION,0.0,0,normal
28.24217088518202,79.66694385788732,28.15508215823863,5.010281544260066,25.74668190739977,34.69887451219024,8.0,607.7111667653576,SET_MODE,0.0,0,normal
28.39588361318291,79.34554482123716,27.93888098390626,4.4957388622285634,23.82653088324147,45.38441369544992,3.0,146.9188702459434,REBOOT,0.0,0,normal
28.319431266015112,79.79427548215122,28.136194347044057,5.0929180337408,23.712888255722003,44.740652125757364,5.0,320.84397601857034,GET_POSITION,1.0,0,normal
28.437439808376254,79.74508899073423,28.01852197137469,5.142725597549459,19.885642282629657,43.59321019875614,6.0,343.98157528541356,GET_POSITION,0.0,0,normal
28.034781817536903,79.08892008891702,27.981357133425636,5.17689176940722,24.25613737801633,37.224933570013,7.0,387.1760635523281,SET_MODE,0.0,0,normal
27.93888493409059,79.02006460850669,27.968292365527304,4.2044515810865155,23.56009556155382,41.369803516707606,6.0,265.6112532508698,SET_MODE,1.0,0,normal
29.193844885340674,79.25499873964023,28.111991704690322,5.4099168235563315,23.452057031952762,34.89051546579753,5.0,226.84666611898845,GET_POSITION,0.0,0,normal
28.25791446236592,78.7969604836332,28.04883667251806,4.778678988594548,26.25061918777012,43.643628140135,8.0,587.8363076632468,GET_POSITION,0.0,0,normal
28.240311268082717,79.60200271514168,28.341373814147147,5.2059703240259525,26.97589585837153,39.70406087385492,7.0,489.9309610511574,GET_POSITION,0.0,0,normal
27.81518899485766,78.93292433529766,27.8721663035504,5.222322134204686,25.69658351392698,38.36271914165326,4.0,221.17458084657608,SET_MODE,0.0,0,normal
28.460139428311166,77.60134728652002,28.077715255304497,4.736990874314212,27.986245571348423,35.105020613374926,6.0,438.83677953351145,STATUS,0.0,0,normal
28.22516424754449,78.8055487078371,27.920619848528272,5.198137985705465,26.726685777491095,30.089975525483933,9.0,389.07582653648825,REBOOT,0.0,0,normal
29.449373980798892,78.41261942278706,27.869606951951702,4.884352027726292,24.114831430583074,35.84583657185698,6.0,389.94574008796053,REBOOT,2.0,0,normal
29.234149051331944,78.05600654731771,27.998369929444753,4.378586846198553,23.611431142856862,44.45119278245163,5.0,373.6352105428577,SET_MODE,0.0,0,normal
28.59209782559873,78.19351393901701,28.020602871911056,5.350322577658334,25.93846671030054,38.388666286100786,4.0,294.2182769649999,GET_POSITION,0.0,0,normal
29.804944455521014,78.80835202250323,28.437726033259015,4.767486511095128,26.721301329705703,39.32268457153981,3.0,164.73393119302318,REBOOT,0.0,0,normal
29.33275996283025,79.36023438527035,27.97237812764752,4.743651961178584,29.193532921094494,42.622217433153814,0.0,0.0,REBOOT,0.0,0,normal
28.845671429070787,78.79562586497373,27.830473190577298,4.879080239588983,28.573519134820287,47.22267551246506,6.0,342.59235492477063,REBOOT,0.0,0,normal
28.010853677825786,78.27976276385178,28.04095160762416,5.081671017598216,23.375580980478492,45.300018619782556,3.0,220.81657972679392,REBOOT,0.0,0,normal
29.961462000911034,78.75581614258576,27.688803994368044,4.982818876753369,24.693981159618215,36.11065998473525,4.0,244.9219120248037,GET_POSITION,0.0,0,normal
28.52317735351542,78.24404470053713,27.98620648260936,5.164420077412151,27.01305341475331,32.22971771425038,4.0,282.37712785680657,SET_MODE,2.0,0,normal
28.45421597762055,78.07289905317315,28.002403792344275,4.598153190041402,28.203993334176914,49.438457036400415,8.0,345.14290633333496,GET_POSITION,0.0,0,normal
29.554216035579064,77.79051808544318,28.11919005744178,4.77728408887078,27.816908406114376,49.075966446637814,3.0,190.80311659306355,GET_POSITION,0.0,0,normal
30.153340019600392,77.44018310532064,28.146043337414177,4.9652008783035395,24.80836650150596,40.75381438571713,4.0,248.0454683950942,REBOOT,0.0,0,normal
29.762833820380497,78.0704386379582,27.92446455716384,5.569366187797612,21.23793204271445,34.91804701767271,2.0,128.7981377388128,REBOOT,1.0,0,normal
29.46580412880307,78.29464197570867,27.97740789780551,4.965856238475872,22.003190871263225,43.85290613557576,5.0,339.128321583118,GET_POSITION,0.0,0,normal
29.508683944568737,78.11843663234836,27.8850818754084,5.32556667909849,25.81790054295824,39.56806525594956,7.0,537.0705116095596,GET_POSITION,0.0,0,normal
29.64211196298895,77.9108233528634,27.830790616778845,5.011566550635295,26.026676738273036,39.54807550757356,9.0,642.8455494393711,GET_POSITION,1.0,0,normal
29.6336984548369,77.59892373937609,28.046484216907096,4.854902408768729,21.703961879696845,43.577835372420516,8.0,390.2841572591695,STATUS,0.0,0,normal
29.471398638071562,78.32984778626839,27.80896216771051,4.9259826727656675,25.133708832667814,41.33749898749319,10.0,730.3585077168384,REBOOT,1.0,0,normal
29.428807431353658,77.32203085639007,27.937805964914222,4.949474086391335,26.893673070915348,35.25674035594022,6.0,269.299122627623,SET_MODE,0.0,0,normal
29.389700713134825,78.32443321405033,27.850723906015116,5.181093721688222,21.54632002747857,38.701032259672104,14.0,908.431207978039,SET_MODE,0.0,0,normal
29.14016541841835,77.3920894841926,28.08245247794354,5.412383380272966,28.314991605413244,42.644611714645386,3.0,225.9304569895132,SET_MODE,1.0,0,normal
29.35589317087035,77.47472125873618,28.27021451488997,5.107904254305896,23.867406554320524,42.04100888962007,6.0,264.26929301157696,STATUS,0.0,0,normal
28.816787505817683,77.07625503429882,27.8047618025795,5.356123303622526,28.772839337729952,41.048066297433905,8.0,591.9016490592834,STATUS,0.0,0,normal
29.479832999024698,77.51862876696903,27.722047227565366,4.710563078711094,23.3996426626723,43.733691817903456,4.0,287.7793174768393,SET_MODE,0.0,0,normal
29.148319202007453,78.21764719745048,27.98126696719749,4.875610847355791,21.920123551347462,38.553132048730944,6.0,360.906104121377,SET_MODE,0.0,0,normal
29.126291561326696,77.94945038308117,28.002354669393664,4.7827092397377,23.625589030474842,40.71467910087629,8.0,418.8472327345293,SET_MODE,0.0,0,normal
29.66303819486276,78.14348220097182,28.032798896013595,5.094333377262456,24.71455563076804,26.4976835992896,9.0,505.9577621057558,GET_POSITION,0.0,0,normal
30.17061313631505,77.87897171812344,27.93305192271485,4.892312484446176,23.834560279685558,38.201399224628744,6.0,472.47795256805085,REBOOT,0.0,0,normal
30.00324591523486,77.03069424920051,27.969904105176184,5.218931881110259,24.35199573528066,43.05561163430258,9.0,432.6111202146647,STATUS,1.0,0,normal
29.029198453181436,77.38276747642709,28.05512656158109,4.720699486510267,26.00189544902857,38.43842213153143,1.0,63.18417151319581,STATUS,0.0,0,normal
29.282396324569525,77.12470430872503,28.156064633896726,5.012909291996384,24.4864618906108,38.13509043313155,6.0,259.97777949088413,GET_POSITION,0.0,0,normal
30.07477157912483,78.14774648573227,27.70674268445226,5.206057373303677,24.801662818143978,35.834188192900726,6.0,292.2943354054013,STATUS,0.0,0,normal
29.325047574552592,76.85273762563817,27.944659084145282,4.380409167487817,19.87232080239221,44.013463570916585,7.0,493.72858866086585,SET_MODE,0.0,0,normal
29.647129952572833,77.86767570457992,28.03207131909116,5.636489392199061,26.17509404803142,42.193853094162286,4.0,208.41584645768435,STATUS,0.0,0,normal
29.975303421085588,77.83802480469315,27.86230358430839,4.915054434536037,24.732390106924996,43.30165839129234,13.0,1032.598356692622,GET_POSITION,0.0,0,normal
29.385600379293205,78.2781090428762,28.259675444765094,4.392488025897148,29.830878941448614,33.095144152168444,3.0,180.0980451712608,REBOOT,1.0,0,normal
29.832097764035826,77.13124060516134,27.90468851796569,5.047428169573036,22.181304498238127,39.358199826937465,5.0,303.30786506154857,SET_MODE,0.0,0,normal
29.272698281724313,77.66606751228353,27.99380609694891,5.010033040391945,19.57511401450146,38.87955596899997,4.0,165.81035829371763,STATUS,0.0,0,normal
29.58147164299421,78.42559599734992,28.083403314526343,4.975431686128252,26.854205481790125,38.87771317360579,4.0,313.04427993236254,SET_MODE,0.0,0,normal
29.964988870971332,76.95185740583025,27.911307281679715,5.297357333878,26.039581054939003,37.53588982512818,8.0,375.75470108301374,REBOOT,0.0,0,normal
29.214281137967312,76.47011406602586,27.723014042829337,5.224233491428117,21.974700938406563,38.61558291287994,3.0,184.6008718572531,STATUS,0.0,0,normal
30.041414248083278,76.27563601840754,27.93570182096252,5.089362857307154,20.410753134987726,43.398579130826604,2.0,111.65396879669854,SET_MODE,1.0,0,normal
29.8704562813504,77.55105777295694,28.154416083389055,5.135046690183994,29.61219019205287,32.348594586608684,4.0,226.49355211913692,GET_POSITION,1.0,0,normal
30.111733985435887,76.23324409010026,27.94946573098223,4.968692465168574,29.242331171820346,47.10917907212181,5.0,328.6600332072217,GET_POSITION,0.0,0,normal
29.992068132405763,76.96983650748321,27.873034854781153,5.532647254772014,17.53762972388161,41.93536450010585,5.0,332.41773541849545,REBOOT,0.0,0,normal
30.459259405521603,77.35689141986818,28.138850831425408,4.55624119449267,23.625330912230496,39.830672417359146,6.0,277.02926756594326,REBOOT,0.0,0,normal
29.974128566120203,77.21412574431729,27.95038376559654,5.041895502264769,29.992576164351696,43.627336585491705,7.0,419.88426287412983,REBOOT,1.0,0,normal
29.762045444112793,77.31863017519146,27.923475877952466,5.019507389356634,23.5718123266664,34.19266101932626,6.0,429.7145877940457,STATUS,0.0,0,normal
29.99182759869847,77.20249117192354,28.022418413449497,5.243984121819378,23.52816329792004,37.341196379395946,4.0,230.92583736835672,REBOOT,0.0,0,normal
30.168659555322407,77.71728835672413,28.115612531442817,4.7468438367725305,24.151722017111894,39.51569827043778,10.0,466.3217883306321,STATUS,0.0,0,normal
29.978645785836587,76.5892789973005,28.357257029759882,4.476898219281039,21.637309078695523,45.46224148172871,7.0,367.7007440838734,SET_MODE,0.0,0,normal
29.98242846519127,76.7155955688352,28.124085416148613,5.047046904829458,19.885672767315867,39.81401367549377,5.0,242.47591282101405,GET_POSITION,0.0,0,normal
29.691812801718665,76.65749511441841,28.17397599495825,5.084369147665582,28.157641932204246,41.800218684740585,2.0,90.06539743318696,SET_MODE,0.0,0,normal
29.71319358622864,77.44972958073288,27.92410507015182,5.446879822834295,19.471189281256972,37.64168401625549,5.0,275.51622548707076,GET_POSITION,0.0,0,normal
29.42238233150265,77.47672018984149,27.84611978410458,4.618891386102474,25.741814356326266,41.94736827586996,4.0,246.54979891169202,REBOOT,0.0,0,normal
30.687650948573896,77.24510025758065,28.00934970244287,5.346408130015016,27.65973847827295,46.70895837189783,3.0,128.7301830331958,SET_MODE,0.0,0,normal
29.49399549719983,77.60528156727482,28.01607548728894,5.710224309208137,20.646321103296525,43.982106766696454,2.0,128.30586977825467,SET_MODE,0.0,0,normal
29.71742347757426,76.41964267560361,27.83822308879531,4.886670533743257,22.227194792214785,39.674176048888484,2.0,159.4419552135686,REBOOT,0.0,0,normal
29.7095912288678,77.83848543962281,27.973705820514397,4.612717334152033,28.63953756517477,42.70196338906188,6.0,471.38998368482004,SET_MODE,0.0,0,normal
30.356615956675085,77.76378538142043,28.05989764025787,4.877907690087989,26.59867516068112,42.31006781842885,12.0,878.0032713595963,STATUS,0.0,0,normal
29.881681668701997,77.36835253459277,28.05405900925271,5.004201490211414,23.148142879363338,42.0263506867891,7.0,354.5755115846729,GET_POSITION,0.0,0,normal
30.499096829069494,77.89089945438553,28.075643178007642,5.1691363625020745,28.606747010083513,44.44781344344163,1.0,40.896303859174694,REBOOT,1.0,0,normal
29.730265290321263,76.17222993213102,28.043644709520617,4.822581581048586,28.619607170362908,44.41791081534986,8.0,586.7333449225123,STATUS,0.0,0,normal
30.110243870786828,76.73994200243297,27.92394870110949,5.466559560244202,25.80715807904712,39.49136561250046,4.0,168.9152371165941,STATUS,1.0,0,normal
29.662815313791576,76.63722165350626,27.922914906002674,4.665640305497582,22.299519316379012,42.56751624591108,3.0,144.67536977649246,REBOOT,0.0,0,normal
30.852645207801977,77.36940277117047,27.82015729030092,4.47823845434816,23.759653889584612,38.467620315360826,10.0,617.7812861787138,SET_MODE,0.0,0,normal
29.516501423744536,76.48846436402879,28.267716255877765,5.332013127286195,25.85916023186617,36.30771041473769,2.0,94.27024313149148,GET_POSITION,0.0,0,normal
30.111748535389932,77.39823517259015,28.002017554692895,4.31761369063814,24.434215512557536,38.92202497718405,7.0,513.4607327636197,STATUS,0.0,0,normal
30.23693519259537,77.7117889676423,27.966272041630774,4.938761069338185,27.816871534704553,39.69488739304167,3.0,213.25916355117948,SET_MODE,0.0,0,normal
30.14387359222962,77.38223512484358,27.86068118778213,5.935304338762414,20.41067775967199,33.35367604328803,5.0,351.15390114745,REBOOT,1.0,0,normal
29.898494413290283,77.18570034888457,28.440348685349168,4.996386934112021,20.517209412801286,43.44133023766688,5.0,363.22552317951533,REBOOT,0.0,0,normal
29.914263508816344,76.56015646761408,27.839000795166566,4.663769704791125,25.542613334447296,28.930698309590408,9.0,439.09264089526033,GET_POSITION,1.0,0,normal
29.97662634649795,76.64201170460723,27.93567281115909,4.982780760863962,23.525366758579285,50.85926775794529,2.0,138.31139009197994,REBOOT,0.0,0,normal
29.892539543056458,77.70266490271577,28.06237552544291,4.98475976341414,23.118854155906778,46.007516535185275,7.0,379.4788207256941,GET_POSITION,0.0,0,normal
30.328460244203523,77.48102074597577,28.090031944861643,5.048194982105935,19.695829842476808,38.955965103310746,5.0,333.3689519136799,REBOOT,0.0,0,normal
30.81801686119944,77.08639798341059,28.143689808282353,5.198678894647886,25.058637534394546,40.037705442255096,6.0,269.2852148714819,REBOOT,0.0,0,normal
29.701042051057907,76.9125832030194,28.27114127616539,4.6882666494896785,24.841734675997703,41.211887494349135,4.0,272.8938528103224,STATUS,0.0,0,normal
29.365682041700435,76.125330889793,28.075923648319108,5.506264416571038,26.96043694585522,37.64335844804423,5.0,394.4215455801559,SET_MODE,0.0,0,normal
29.867189659439397,76.62056982460994,27.841595380005,5.073534285311785,25.206718399362916,40.77047659034775,6.0,250.46408767649189,STATUS,0.0,0,normal
30.922621738730754,78.13052873769942,27.96145823123173,5.218038213920541,24.60218776527851,39.424000089193356,10.0,437.53156046683387,GET_POSITION,1.0,0,normal
29.556841573733177,76.55447397302505,28.046174855877084,4.811555180073308,28.53100191037101,39.622909131076135,7.0,314.61829485464386,STATUS,0.0,0,normal
30.520871075076748,77.31038094597196,28.310233906225875,5.38591464109866,21.06259808965435,40.72584425392255,2.0,114.44511239530411,REBOOT,1.0,0,normal
30.52255895701056,77.74135617638963,27.790329178236355,4.922884277356081,26.609167656542727,34.74588880658402,7.0,361.418451781255,REBOOT,0.0,0,normal
29.615640800631127,76.63321691029594,28.180386475783784,5.0832657540480595,19.986558505613953,40.15827889653459,5.0,361.3840307081387,SET_MODE,0.0,0,normal
30.049611932248805,77.37712531647102,28.026987155431964,4.720068176843867,22.48491435999758,40.65379098646991,9.0,530.5634061123461,GET_POSITION,1.0,0,normal
30.457667128943008,77.77886420124878,28.12567458028442,4.700920512079362,21.36202860213006,40.51539848542366,4.0,237.5259748301684,REBOOT,0.0,0,normal
29.63829646518245,77.34233356242972,27.98470079250461,5.206461591935865,27.345827606355755,39.13667697825538,7.0,480.7706683710991,SET_MODE,0.0,0,normal
29.691506017197714,78.79750046985151,27.87363510548105,4.8669179509377845,24.80376929921382,44.55143110387749,3.0,163.4362779042895,SET_MODE,0.0,0,normal
29.52261021589631,76.55724824019967,28.1126309169102,4.743853073748687,24.95949026622107,38.5853897804738,7.0,378.8980292777298,REBOOT,0.0,0,normal
29.331080520294503,77.9501911248273,28.098164654065844,4.807044997391891,21.679801036811646,40.90930362729276,6.0,421.6623330305953,REBOOT,0.0,0,normal
29.458331513941516,77.36473108015309,28.14580854486096,5.209685921515226,24.100919512201333,45.189190135702184,3.0,213.60500950041177,GET_POSITION,0.0,0,normal
29.208886997224642,77.86841911113106,27.998004304693204,4.8112886416389165,22.709604090072666,39.68249543991875,5.0,202.8797545065639,SET_MODE,0.0,0,normal
29.691880966501348,77.73545744913336,27.910026696502023,4.96470352051935,26.150365044562648,40.8578530698702,4.0,183.00647613451727,SET_MODE,0.0,0,normal
29.349409402207257,77.18158399003586,27.766181950746425,5.004508325086129,22.026726594005158,39.614461454740415,7.0,339.6674907215743,SET_MODE,1.0,0,normal
29.729433637550237,77.69702735969537,28.12290599022091,4.424795334196911,28.989383095615228,44.9494791742544,6.0,324.38411250189034,GET_POSITION,0.0,0,normal
28.991453963295758,76.68894971945733,28.063583422366598,4.558662078387945,19.973258651127715,38.96910175365482,3.0,154.97377001183435,SET_MODE,0.0,0,normal
29.723432627287153,77.9558948952435,27.855132605070406,5.100883366774268,22.580440502630317,45.13341830915282,3.0,200.2224058065932,STATUS,0.0,0,normal
29.901138872856574,77.84071557185446,27.919213949005506,4.778891191654191,30.03160152989829,39.58564842141174,2.0,146.25081870423665,STATUS,0.0,0,normal
28.746261387839244,78.04932105253303,27.929986178207283,5.317017473384126,23.694583756113897,36.56216110620793,6.0,286.10087576544583,SET_MODE,0.0,0,normal
29.66879147768163,78.2983890029554,27.77755233520264,5.290042131275163,21.055364006786764,42.71749268229648,5.0,312.5960121203897,STATUS,0.0,0,normal
29.985037828485154,77.99345754971151,27.877347640509228,5.215750599906631,25.657214687613006,38.78132866497737,6.0,328.27590025944863,STATUS,1.0,0,normal
28.98430679414058,77.92498358731184,27.82992544647905,5.5459315361937795,23.573823273356375,42.48200359639665,5.0,301.1555750092124,GET_POSITION,0.0,0,normal
30.110780208700106,77.45266382532533,27.93812814821681,4.975073201677045,22.492389233145083,29.082382460305062,6.0,388.9818820280145,SET_MODE,0.0,0,normal
29.582345568041056,77.58030887530406,27.889195375250566,5.194664577771151,21.712387567603848,40.02082104757979,3.0,227.23197824184132,GET_POSITION,2.0,0,normal
29.105122247469545,78.573964126452,27.755949261869986,4.824679707021191,33.30512081687783,38.16157880497008,5.0,238.45853356545615,SET_MODE,0.0,0,normal
29.33661443742073,78.7438923932789,28.303388534585423,5.735710973860617,24.24534429944759,35.74696525387489,8.0,347.8421078579393,REBOOT,0.0,0,normal
29.55345778393088,77.95274155156848,28.187881109654384,5.595090095730805,19.223297919001368,37.7870359926408,6.0,390.53086057088456,STATUS,0.0,0,normal
29.331147896041788,78.14180819046373,27.883147086772002,5.003564130355338,29.481129277016603,37.7051874228294,4.0,223.06093580362023,GET_POSITION,0.0,0,normal
29.486284604881178,77.7144412798589,28.040863209498042,5.1159758689715575,26.83321271533171,39.80805682059768,4.0,186.06443092687817,GET_POSITION,0.0,0,normal
28.87197104355039,78.80199365338231,28.062619763473194,5.407789279809442,22.700600706940637,34.53069415486018,2.0,89.36697338838758,REBOOT,1.0,0,normal
29.27686902259072,78.59810890308383,28.17866287821602,4.955858148555768,22.200642733941574,41.265095121038854,6.0,374.13834884976717,REBOOT,1.0,0,normal
28.61195325830269,79.28670622692839,27.877209246000987,4.803012778760088,27.020418388474692,45.46485914082315,10.0,520.1882378112782,STATUS,0.0,0,normal
29.10069743823573,77.9285378809698,28.163816017597362,5.262196925302065,24.259245017531637,41.123713987791305,5.0,399.4852759171955,STATUS,0.0,0,normal
28.7508124198174,78.23119528824557,27.91781420436896,5.023531773825101,19.222066544664695,43.23595443691604,3.0,168.7080983196857,SET_MODE,0.0,0,normal
28.784794363184954,78.58931281690941,27.79962063937471,5.054898334893578,30.361719893814005,44.37824981845518,7.0,339.44025045425116,SET_MODE,0.0,0,normal
29.539522241958913,78.85110881386332,28.108620483897173,4.74971859707961,23.69802861335213,44.945958048736706,6.0,390.92377082814664,REBOOT,0.0,0,normal
29.44714001201293,78.47518063918584,28.193613763618366,4.484698355490981,29.48671520944728,47.48055477128522,5.0,248.85097793810138,STATUS,0.0,0,normal
29.219259230837107,78.20255308281436,28.388186346029602,5.0708427229637305,28.835304873897144,38.00319200689628,6.0,358.5806503754787,STATUS,0.0,0,normal
28.50312866216458,79.136617735608,27.820041210236468,5.27148861244826,21.996971366551556,37.126064059355535,1.0,59.303047348840295,REBOOT,0.0,0,normal
28.777406753505378,79.11421546785952,28.104837952762118,4.932257975277188,28.099569593089445,43.133862593298936,5.0,290.7115259431475,REBOOT,1.0,0,normal
29.352597043661497,78.35409020784641,27.93852981343097,5.43092885586766,23.045672350408957,42.8330648786296,4.0,287.373711403132,GET_POSITION,0.0,0,normal
28.88690898105085,79.54936585560091,28.117503806578604,4.788825102375337,19.399898239588175,43.10270119846275,9.0,437.98068052782617,REBOOT,1.0,0,normal
29.720299732737022,79.51699068780734,27.779426567315312,4.683588663510224,23.726205501933574,47.557129817001005,9.0,685.5506298253691,GET_POSITION,0.0,0,normal
28.91172730066525,79.0601079847719,27.810584533645216,4.97983090784116,26.192912505328838,40.04547963519398,6.0,429.92172077124826,SET_MODE,0.0,0,normal
28.792543773982988,79.09464032736885,27.883618776525026,4.975222227394613,23.611790056010985,41.70462623858474,9.0,479.9240511275965,REBOOT,0.0,0,normal
28.55289845461814,79.39455682107932,28.01184460685021,5.230990619400567,24.078854977224694,36.0784469940661,7.0,330.5687017584388,REBOOT,0.0,0,normal
28.690284569778157,78.75015933228747,27.903837810019247,4.767511152780805,28.43069813478584,48.54128449590383,2.0,102.3628019605393,REBOOT,0.0,0,normal
28.53571106714104,79.26029733687282,28.098858151587013,5.410428271044469,25.319481940870276,38.65382031516356,3.0,159.9163496290894,GET_POSITION,0.0,0,normal
28.839286330726125,78.23413965161431,28.15403419273869,5.590075088752476,22.47010506614514,38.76713628735668,4.0,249.10930700912746,REBOOT,0.0,0,normal
28.897586213846143,79.81437936334618,28.089936631186802,4.988256791909498,27.10609097100198,38.61300043596703,5.0,209.27363376273004,REBOOT,0.0,0,normal
28.15889606809181,78.66198642510707,28.24281814594913,5.374913126055295,25.593026700862737,37.42041656542265,8.0,612.5949215526571,STATUS,0.0,0,normal
27.89871500792056,80.26177681126462,28.0623739944183,4.683050878812422,17.435185595613873,37.082251804609406,4.0,175.78797706577777,STATUS,0.0,0,normal
27.65417784648734,79.41308395985092,27.817465493448974,5.322566462354574,26.285058741314344,37.9051828684419,4.0,204.68374305600557,STATUS,0.0,0,normal
28.54884956255931,79.54112165816353,28.20450647703075,5.314182922567839,26.175486123148303,34.53681628779622,4.0,177.48599007247466,REBOOT,1.0,0,normal
27.86084647752549,79.40262405496567,27.9092265646591,5.259031184056964,25.06036338874258,36.858728318947044,3.0,150.80073918307923,STATUS,0.0,0,normal
27.39712990692629,79.6427227324673,28.136562774952836,4.995331073338912,27.675101743208725,47.79585244579047,2.0,147.01390548870467,SET_MODE,1.0,0,normal
28.36936949024508,80.5669647950817,28.236060132483267,4.113725317627391,22.982819247020494,42.942620574565474,5.0,323.0351622766484,STATUS,0.0,0,normal
29.16635464396667,78.6854479325428,28.06850320160956,4.807481856904361,26.009499366462702,43.70361670691087,9.0,441.83636103221306,REBOOT,0.0,0,normal
28.12151420810385,80.64017457669239,27.775576178025304,4.812225194694619,20.299121886497943,44.70883514966766,6.0,449.222047151841,STATUS,0.0,0,normal
28.413703686408947,80.24371993794558,27.86226817502353,4.706523518581857,26.221271150196497,47.33653825744956,3.0,216.08544710621817,STATUS,0.0,0,normal
28.064987170413097,79.54488049288089,28.19841167003277,5.03667290136412,30.85917908661969,32.91430979422462,4.0,280.5838851714529,STATUS,0.0,0,normal
27.946237097237475,79.6850750698531,27.97463159715358,4.8743109663436295,22.015430942597376,35.08046753885384,3.0,221.71592380628553,SET_MODE,0.0,0,normal
28.306556854657476,81.13591449526432,28.011936030241326,4.7526163970704935,22.720593604036672,36.78510535642126,4.0,259.14394904293044,SET_MODE,0.0,0,normal
27.775551863164473,79.90058787068472,28.11382366242454,4.682359955525654,22.869953671325344,38.12108081404161,3.0,180.1724832253479,GET_POSITION,0.0,0,normal
27.950962541143024,79.87291575987919,28.104448429312047,4.785346104354431,25.389994677404786,38.797722437659004,5.0,274.7870052342779,REBOOT,0.0,0,normal
27.924643639832144,81.09511404341639,28.04181997185782,5.336449763554978,21.810891181438844,38.212089788775835,6.0,293.7033648978476,SET_MODE,1.0,0,normal
27.480308708896814,80.7732046135765,27.96869974431693,4.801692483611752,26.263742136072942,40.87723565252821,8.0,498.37173044700637,SET_MODE,0.0,0,normal
28.09557022957217,80.2130319481197,27.953099733140146,4.845518388070018,27.540519836407494,40.14118156298086,2.0,151.15938765712707,SET_MODE,0.0,0,normal
27.579612418487866,80.86895837383666,28.1286848237937,4.8629907154930265,26.603041640361354,37.108660819287,6.0,382.55562935815806,REBOOT,0.0,0,normal
27.297782575848945,80.32699463474614,28.083035429660168,5.101698054142826,19.694753723085782,31.29780489204972,4.0,307.1370978753019,GET_POSITION,0.0,0,normal
27.764816886256543,81.47006998108589,27.96140499990733,5.13687484655856,27.98550299547582,36.02852517848521,5.0,271.3834739186327,REBOOT,0.0,0,normal
27.140612807283585,81.53068548243657,28.162316846948972,4.086603038227052,27.81210224276104,37.8030453867497,5.0,339.0275945054995,STATUS,0.0,0,normal
27.46072105413808,81.34688535350628,27.980644882730534,5.306490564148282,27.490484117038914,39.01168225276912,7.0,461.6263322895395,GET_POSITION,0.0,0,normal
27.394917967593557,81.34312562462154,27.87225067384984,5.4309104102731265,26.118526745967475,35.48133016275785,7.0,467.72147633756765,STATUS,0.0,0,normal
27.781716040262086,82.12482156014657,27.8861543951645,4.6849440387915,25.660567942615398,38.03677413401432,6.0,394.81008293779024,SET_MODE,0.0,0,normal
27.48571156008705,81.32651153659799,27.853188874553535,4.70831052657955,28.09716819437919,35.476050446057656,5.0,244.33093498742338,REBOOT,0.0,0,normal
27.233985117504258,80.8186694956859,27.959138497509446,4.864923983666518,30.770540462810363,39.496722593806666,2.0,91.48727186265192,STATUS,0.0,0,normal
27.518962253625496,81.71776778210352,28.18505864175043,4.773198794163019,22.14087860990545,35.70763468654954,0.0,0.0,GET_POSITION,0.0,0,normal
27.69550184431521,82.61995340523531,27.879235722845422,5.067178062183982,28.234376187384314,36.60438137451814,4.0,167.2472206148002,STATUS,0.0,0,normal
27.30981639494984,81.15391261755252,28.028271364152715,4.416042414092341,24.741348705977643,34.765263476043444,4.0,234.83783792452326,STATUS,1.0,0,normal
27.037824263316352,81.56537547204661,27.901496598155887,4.664621717588978,24.6109808439142,39.38599721772086,2.0,114.00642537134895,SET_MODE,0.0,0,normal
26.455664337255726,82.03958489073746,27.960953643809283,5.461759160052472,20.390407928853886,36.53420892019041,5.0,272.00379164301523,STATUS,0.0,0,normal
26.50080086548209,81.89009344635755,27.773493818202212,4.721534009795595,24.145631771453814,43.62713706670172,8.0,570.2348331445471,STATUS,1.0,0,normal
26.750943085337692,81.51199546248407,27.96691926562652,5.373028483430877,22.008205126094754,41.6234010667716,5.0,349.07005766250325,SET_MODE,0.0,0,normal
26.57516114390205,82.65058328849,27.970944193029254,5.106601458677041,23.608436711482163,39.72059252726543,7.0,533.4629785883833,GET_POSITION,2.0,0,normal
26.689864302375167,83.33657584329767,28.081043191605353,4.457219685623523,21.70544084866555,36.81005801062484,7.0,390.73650733233825,SET_MODE,0.0,0,normal
26.732760686587195,82.3619045829066,28.033492136988304,5.190598758564862,23.65327483806098,41.52208122126521,6.0,375.4030867030703,STATUS,0.0,0,normal
26.867194191167485,81.89945851205235,27.82024118125719,4.964699809342144,23.78166892892979,42.76280355739455,6.0,454.15369136210893,REBOOT,0.0,0,normal
26.572109847561222,81.66502476341749,28.162629736606533,4.863359883125078,25.2902647553164,40.57075364880652,5.0,398.7696125710769,SET_MODE,0.0,0,normal
26.739685629405226,82.656852035611,28.0315454560333,5.073487127951601,20.155750413126007,46.41480742186772,5.0,393.85887247307096,SET_MODE,0.0,0,normal
26.515441171116464,83.16849642335028,28.029759027576624,5.142390045670037,20.66344555676403,41.83854927229926,4.0,274.85501940299747,STATUS,1.0,0,normal
25.6438295370139,82.94315801155896,27.998622646992228,5.212277546592386,26.08574281219158,43.654428870272135,10.0,457.29102312407184,REBOOT,0.0,0,normal
26.002452621557502,82.79369923300457,27.92233638291667,5.353475854264401,22.607685648789705,40.53426166214391,2.0,81.85488094344213,GET_POSITION,2.0,0,normal
26.26453578789737,82.5898908778077,28.03267035096231,5.122440773833507,28.223589370689794,42.702657813027905,8.0,584.0698740489414,REBOOT,0.0,0,normal
25.782097943387562,82.42835683880253,28.071338265389286,4.587309773364091,25.67580916604514,36.8128750693233,2.0,147.27536195934601,SET_MODE,0.0,0,normal
26.449580969996827,83.48200049836511,27.737965646298168,4.857906362704643,26.82028645061922,38.166406547148824,4.0,279.41774532215516,REBOOT,0.0,0,normal
26.76537968664968,83.61195884475329,27.919185874398085,5.882914500580586,29.232076961262685,41.39745421392952,7.0,358.3785760797816,GET_POSITION,0.0,0,normal
26.58389786161845,82.47290611315137,27.961757954439463,5.217347318114518,24.070867564580283,41.36839792622953,3.0,196.77814315182317,REBOOT,0.0,0,normal
25.954181305716723,84.13162596254826,28.038425590854143,5.710786190243449,23.276539883751173,42.03044729177299,6.0,315.8996260356658,REBOOT,0.0,0,normal
26.578873502404132,83.71490273418436,28.17899665088907,5.418630224659756,27.61510775679644,44.401571569114914,10.0,580.2592984403699,REBOOT,0.0,0,normal
25.984941598104427,84.21903793821515,27.884238877810482,5.072540621466724,26.528540691789058,34.30011531273835,5.0,276.4870169961021,SET_MODE,0.0,0,normal
25.733406499887437,82.939750704422,27.925305722977324,5.090422120934336,24.438009070536097,36.102189809558816,4.0,306.1824138864089,STATUS,0.0,0,normal
25.565528550111456,83.01966453744774,27.923119883403018,4.989025988036946,29.174373900867828,40.91829056429701,4.0,197.4651729190201,STATUS,0.0,0,normal
25.632440686652178,83.72002964712048,27.879770861484317,4.47865861524605,24.36326707048021,37.102545472786154,7.0,441.7310532806501,REBOOT,0.0,0,normal
25.540594777383838,84.13800740576708,27.94792202573316,5.0054141757404675,25.098320912667344,53.511072965157446,4.0,217.75704464541747,SET_MODE,0.0,0,normal
25.706374728253163,84.87704722857875,28.115620332998194,5.3632023657626595,25.063667952502776,42.062878476680545,1.0,66.52284447656903,SET_MODE,0.0,0,normal
25.6446941630461,84.4242961439057,27.84192467569535,4.820108001553639,22.196218315304588,39.68667660427937,4.0,250.330102588396,SET_MODE,1.0,0,normal
25.52386072439963,84.04243165545275,28.064172159272935,5.123585899718543,25.232756168459172,37.938122907664564,2.0,153.91821450927523,STATUS,0.0,0,normal
25.639524572545508,83.74321650873192,27.74471466549725,5.255477313767959,29.190280532195473,38.079350867227824,12.0,528.7738328165823,SET_MODE,0.0,0,normal
25.883051883253835,84.9641308890167,27.91579930053367,4.727095868206257,26.33490494612853,40.12056264526071,4.0,195.30253436108214,REBOOT,0.0,0,normal
25.728604022897155,83.95959549717165,27.950576604967303,4.864609140696901,25.093190279196794,40.447927730485034,7.0,494.57742987269563,STATUS,0.0,0,normal
24.696764957172427,85.34907564610234,28.25122895093711,4.694626552856852,24.514698156502995,38.17320342122595,8.0,438.0117887663499,SET_MODE,0.0,0,normal
24.211058107027952,84.48560517761476,27.958779654287095,4.753350317993178,25.992601085219054,38.907391013920396,6.0,279.78810869489377,REBOOT,1.0,0,normal
25.548225448008218,85.51609506268893,27.669813478982363,4.613718414904081,27.249299885467554,45.377138300938384,8.0,481.06280295852406,STATUS,0.0,0,normal
24.569593302504124,85.15331399403715,27.700166663970812,4.729865461586592,26.82771649266926,45.53801985060414,4.0,264.3427298578218,SET_MODE,0.0,0,normal
24.968270168249912,84.83842012886758,28.005104437952003,5.425836704239352,24.004405414534062,41.00813591973951,1.0,41.793068566139944,GET_POSITION,0.0,0,normal
24.53195478957625,84.74030181408693,28.092065628368488,4.725356891272912,25.974344782330345,34.63496109105305,3.0,154.99462672409337,REBOOT,0.0,0,normal
24.221031495961007,84.92262818773816,28.05631837864409,5.037937765718207,26.439819223444836,42.154012626556174,4.0,289.5076060313669,GET_POSITION,0.0,0,normal
25.100240309411635,85.40030999718006,28.025135515870147,4.849139373898713,21.978415037419065,46.2171297664441,4.0,243.23913065763108,STATUS,0.0,0,normal
25.12916458060857,85.31777422172885,28.17433893962585,5.353659781111082,25.504691623551082,45.47912440784951,5.0,207.07584303466402,SET_MODE,0.0,0,normal
24.536769278720584,85.07529679354761,27.91906131688943,5.393348688981085,18.516088341092914,42.937703411238665,6.0,307.66824126592826,REBOOT,0.0,0,normal
23.672858938589656,85.38234292612499,28.134236583404025,5.259220994641684,26.447601129463557,45.689691821143285,7.0,458.959383674238,REBOOT,0.0,0,normal
24.432719851978387,85.59734030481256,27.755197767246038,5.0918403659308265,26.981029163688046,40.21353708991609,7.0,335.82065148184694,REBOOT,1.0,0,normal
24.749928228821734,84.58650235013543,27.86425782505929,4.930682138947731,27.242638377359377,42.51241187933482,2.0,146.19131249755316,GET_POSITION,0.0,0,normal
23.943686067843387,85.97268294482947,27.728943790760226,4.6424375887426255,23.814859443491297,37.276897734699276,6.0,402.37821770007946,SET_MODE,0.0,0,normal
24.5507016515734,85.34636709378283,27.958773204899533,5.583058664336659,25.927140505072103,41.16906182462285,6.0,353.1309746274704,SET_MODE,0.0,0,normal
24.41341148970465,85.35207711139898,27.993060817410047,4.772098094674234,29.2718615366235,45.3181369758821,4.0,306.49980497068555,SET_MODE,0.0,0,normal
24.593508360537456,85.17746100932942,28.01711522383398,5.199093904109852,29.241308944873776,37.64230635405244,6.0,334.0321850219188,GET_POSITION,0.0,0,normal
24.351966642565344,85.21643855874656,28.009282502933072,5.317869671787019,24.91248190232032,36.55422628214286,8.0,395.2234913805073,STATUS,0.0,0,normal
23.857343862399965,85.52776194643971,27.860867000378242,4.833415850928401,25.41795889218868,40.389955756094785,6.0,398.7367182064082,GET_POSITION,0.0,0,normal
24.667738985137973,85.94291290602928,27.971463873338017,5.311403758194789,28.3327334342033,39.093351185104005,2.0,125.86361499761188,STATUS,0.0,0,normal
24.068347282454564,87.36581499009873,27.775382999709137,5.2292639610016565,20.497593954213475,42.59659088428168,3.0,160.22974811174703,GET_POSITION,0.0,0,normal
24.06360356897245,86.21781954641013,28.204484346269837,5.51838915061453,24.030772771968927,38.186961896211834,9.0,483.7192420766318,SET_MODE,0.0,0,normal
23.644109768706574,86.66100792939665,27.9544560890653,4.859196060071986,29.00671136661027,46.873758462410855,6.0,335.5704740721844,SET_MODE,0.0,0,normal
23.783128645434605,86.86353421979524,27.926667082143446,4.6142407948160855,27.9256016250543,34.841295608155775,8.0,413.16434159339815,SET_MODE,1.0,0,normal
23.549685793449722,86.81976158661116,28.238341049266612,4.8483530733666464,26.107791332949713,45.01493914487894,3.0,205.2289687633107,GET_POSITION,0.0,0,normal
23.777742222318437,86.8062052355765,27.813663019967617,5.0626560627603,20.48250278400814,36.94060308676759,5.0,330.271681010241,REBOOT,0.0,0,normal
24.475073914058598,86.33772828299772,27.831161932895206,5.017463818125517,24.850269300876516,32.81606906166391,9.0,518.6799549167014,GET_POSITION,0.0,0,normal
23.185263702303452,87.75102511897802,27.835566951269715,4.881968631117635,23.2302538112502,40.95150062539547,5.0,279.57093515584745,STATUS,0.0,0,normal
23.0324046306633,88.01907161811656,27.98981929274508,4.427240762306827,25.99311670845164,38.981568055944464,2.0,109.2041015487764,GET_POSITION,1.0,0,normal
24.21028135191245,86.36376949947464,28.06474474444564,5.141144898838732,22.571959945615358,35.561562528387874,7.0,359.371129989831,STATUS,1.0,0,normal
23.482254365583813,86.78241156624551,28.110951320217676,5.59170334372466,21.922829815076177,33.274492433138946,2.0,86.85573305256474,GET_POSITION,0.0,0,normal
23.242719499343625,87.24353707711936,28.385799297624246,5.139275371436901,18.805404166949074,39.96655685091417,2.0,101.45637484180004,REBOOT,0.0,0,normal
23.870876903083687,86.98986705754449,27.662585131869886,5.182740655716054,28.665414054930103,43.90334756649527,6.0,317.0883236863356,REBOOT,0.0,0,normal
23.1574444253204,87.8134777507837,28.09131033836866,5.171733591846531,23.800688465670827,42.33981397234578,5.0,309.5368012530687,SET_MODE,0.0,0,normal
24.07508679599398,87.28437124187637,27.916430414114167,5.11911400096472,25.471437351107603,40.22682659535706,7.0,496.66078254185396,REBOOT,2.0,0,normal
23.56106963190737,88.81868918050864,27.912037727666682,5.279499790060428,24.993285650577455,41.91539029287094,6.0,334.96851476016764,GET_POSITION,1.0,0,normal
23.040182613172387,88.41871881488272,27.90703418076192,5.1186121043557,21.7976982011185,39.89114347048857,5.0,388.95138117041836,REBOOT,0.0,0,normal
24.043957260540452,88.01663265494132,27.863684549378803,4.906196849104017,21.22280526565542,34.281103027878515,7.0,511.6579897635255,SET_MODE,0.0,0,normal
22.8846810637191,88.51034587898717,28.252678725190517,4.761203326997374,21.984054622008294,34.316424059106225,5.0,396.96036957674903,GET_POSITION,0.0,0,normal
23.36999181809149,88.63590434131824,28.126344599052086,4.925307903415797,22.830494683511823,39.18732588406129,5.0,375.2406082082963,STATUS,0.0,0,normal
23.139318201966812,87.88666438428413,28.003479396783607,5.0942388489352,26.099818741041414,39.357386854535704,9.0,582.0213417513764,GET_POSITION,0.0,0,normal
23.487013300380525,87.8457845223354,28.20265236287305,4.905175111663108,22.612847009438166,43.40393071402706,7.0,447.5742005886813,SET_MODE,0.0,0,normal
23.537912206281653,88.37777916733937,27.77312065520517,5.094301604939429,30.239471894783865,43.02921689509899,3.0,135.54313521050602,REBOOT,0.0,0,normal
22.873382834918026,88.85388818178222,27.800394230300363,5.1317450401101254,28.081453107679454,42.4205320630358,7.0,482.2717896896389,REBOOT,1.0,0,normal
22.50677711791614,88.57649937363932,27.673304840170797,5.249953829381054,27.425078648997125,38.878869147691276,6.0,384.04964582224113,GET_POSITION,0.0,0,normal
22.939992956173345,87.80189520050818,27.89508781898151,5.384838490651694,24.64102329258055,34.477391319559445,7.0,421.9409889508757,STATUS,0.0,0,normal
22.433081585164103,88.27191940512067,28.024254779005712,5.0234022255436575,29.54284220716145,41.648284548264094,3.0,203.19442470687466,STATUS,0.0,0,normal
23.457997085081207,88.71878607048991,28.01542878668985,4.607667030455702,24.345983106636627,42.10067725304867,4.0,231.04765485407898,STATUS,0.0,0,normal
22.656048566181866,88.79987210383905,28.022401286658983,4.896468770954243,24.90621575753726,30.445874150089256,7.0,426.6807054743202,STATUS,0.0,0,normal
22.404422788284716,89.9053888342996,27.788341475340086,5.01321877022198,25.509923619247807,36.66264725366935,8.0,447.472737537042,GET_POSITION,0.0,0,normal
22.57387212234597,88.30700602880049,28.120473211392103,4.449269373146873,27.105469121630033,37.23578249042441,5.0,343.474178674138,REBOOT,0.0,0,normal
21.910936535359745,89.33313533904334,28.03594412773585,5.416599356030744,26.910724237008957,40.47340080449374,5.0,375.32219410957765,STATUS,0.0,0,normal
22.01127374494967,89.90468557759786,28.1099581422199,5.0427133737531395,23.57462416466619,36.78655826893723,5.0,368.16898782652055,GET_POSITION,0.0,0,normal
22.830569242011745,90.37507898657704,27.71608567336149,5.1144058503740855,23.401018841722138,39.84746172470144,4.0,285.764043527915,GET_POSITION,0.0,0,normal
22.038488998653868,89.11580655202015,28.04672362881967,5.40965793875788,26.919708871456255,39.15786023858803,5.0,202.7575409089102,GET_POSITION,1.0,0,normal
21.83369071657321,89.64178655092653,27.82183521401237,4.810957150957296,27.1457097516737,39.36340211384909,5.0,382.3760927754918,STATUS,0.0,0,normal
22.41869658365719,89.75842340636528,27.940401512117298,5.172212579265209,23.819946625531383,37.134422825197014,3.0,152.9850864868073,STATUS,0.0,0,normal
24.135759341913026,89.64814985059945,28.080154734795457,4.967040763069419,20.238435790964637,37.44405978373329,3.0,226.5568731556051,GET_POSITION,0.0,0,normal
25.40688623455027,89.57723608872422,28.013664040938387,4.944773939895224,24.378051711975267,35.67893176087723,3.0,143.63617237072518,GET_POSITION,0.0,0,normal
26.975942699546216,89.92026971308981,27.872269003033104,4.768342283658686,26.870577396477575,41.52026976229533,3.0,172.75749017096848,GET_POSITION,0.0,0,normal
27.73342218830662,88.51114569101244,28.000940973427664,5.499680964105958,30.41625053925934,42.284410514365476,6.0,419.8557106384593,REBOOT,0.0,0,normal
28.926436784119623,90.19264342822183,27.770269702713453,4.887349987977329,21.406126112978015,36.91752819949865,6.0,393.66694686652136,REBOOT,0.0,0,normal
31.555125857526406,89.98838075443625,28.172540109384745,5.2098392740687105,23.72028624150828,46.08256038406818,6.0,339.82126512706316,SET_MODE,0.0,0,normal
32.285368560677945,89.88707066796255,27.96920739707556,4.437497783758419,23.83178931542387,38.7415942102318,5.0,335.7247713480557,SET_MODE,0.0,0,normal
33.7743783209211,91.09407883704947,28.1677824916383,5.353996558906936,29.0674160182945,46.12074249518624,3.0,185.87394120559674,STATUS,1.0,0,normal
35.86668926836569,89.80483386809702,27.921020246935594,5.315663346787118,24.895175498624102,37.431491304673585,6.0,306.17671359252773,REBOOT,0.0,0,normal
37.019038815273845,90.0117198360391,27.921463601739013,5.029230233089191,22.278020321883204,31.89368889360226,6.0,395.1190669193135,SET_MODE,0.0,0,normal
38.44047824002054,91.27928564309441,27.885371982004322,4.931917260158623,26.676085848765457,41.608791299649404,5.0,240.84941726890466,GET_POSITION,0.0,0,normal
40.58614745291115,89.93701419844594,28.131426089753962,5.12000000168407,23.78608443987716,40.99418042047595,4.0,271.03812548146647,GET_POSITION,0.0,0,normal
40.92521555442639,90.14679835169758,27.89358532640073,5.686637198264087,21.326838179926135,40.13757518123033,5.0,200.62217552464855,STATUS,0.0,0,normal
43.016693999758004,90.41642039123444,28.096689314862278,4.471028990328954,22.321680078171546,37.43107008622404,6.0,371.7054033028247,STATUS,0.0,0,normal
44.13176283109511,90.97763420473677,27.942632140349605,5.234608216272238,30.20212586326786,39.86171109805672,4.0,224.17082040898256,SET_MODE,0.0,0,normal
45.68026435341035,90.72774971308195,27.703605505016256,4.726514809353829,26.152627664948387,37.95496216852189,4.0,208.49660380831156,GET_POSITION,1.0,0,normal
47.64856053506976,90.04335590250497,27.91445288983203,4.99402448111008,25.32328016635763,38.790601734673,4.0,242.513274757542,STATUS,0.0,0,normal
48.70513462094011,90.48863412114564,27.823133767845572,4.925635964276401,24.25031879256386,43.3665290230603,6.0,394.87479180861317,STATUS,0.0,0,normal
50.18263283943422,90.51531191597827,28.00508540855235,4.871504522660674,25.876446526356396,40.73686891812037,4.0,314.4499625941544,REBOOT,1.0,0,normal
51.862123805866474,90.8438615418671,27.821438839648827,4.996860461284181,25.840707838007482,42.43980554932791,3.0,219.96773878657172,SET_MODE,1.0,1,gradual_drift
21.13829478079588,91.15808043313405,28.138896265107192,4.659748656416663,25.876506484621977,39.07252597349684,4.0,274.7439812934097,STATUS,0.0,0,normal
20.909915968156906,91.21614314179598,27.986338620947045,5.30875413083839,25.34453527083326,38.6319306167809,6.0,354.9520588029951,SET_MODE,1.0,0,normal
20.78950840564724,90.18010278976675,27.97336060078619,4.46175694664042,27.606395014916647,35.386069876445426,4.0,222.74305914629667,GET_POSITION,0.0,0,normal
20.383235148654713,91.66032603873225,28.098383820668136,5.161929353848502,25.069313038002193,38.51985354972721,3.0,123.90355855031967,SET_MODE,0.0,0,normal
21.955124888306308,91.31405716487002,28.144586040111378,4.902039244239629,22.066183493342084,26.715541777643445,6.0,326.18325673417155,STATUS,0.0,0,normal
20.654746520328025,91.93861823721022,27.996985187234554,4.648722531857764,23.162731327297394,37.63911213477746,6.0,443.610513281428,REBOOT,0.0,0,normal
20.971444782532085,91.52618519249911,27.884319955067607,5.060715011179608,19.062943919530863,39.672503291236644,3.0,166.08294983715479,SET_MODE,0.0,0,normal
86.05347346991617,91.91162785082668,27.73390455758318,4.532914673988056,31.080451348127177,42.254694617080624,3.0,175.39019988745758,SET_MODE,0.0,1,temperature_spike
21.112346715348426,91.65025819776541,27.897092536444724,5.01191414651589,27.58826377585806,38.925288489900176,2.0,101.74675392199238,GET_POSITION,0.0,0,normal
21.28120991314099,92.14524883310095,27.907418163002806,4.573136927656534,22.50978851461229,41.39069416898,3.0,152.895931057604,REBOOT,0.0,0,normal
21.26518305512304,91.78753546236227,28.016058617948843,5.13838162529535,24.1544654518087,31.280845354439016,5.0,212.37435217834968,SET_MODE,1.0,0,normal
20.65439354816912,91.53084313902383,27.948227967829297,4.722692799910887,23.0893705773807,39.7726525911722,7.0,451.8650991735442,REBOOT,0.0,0,normal
20.78796345171023,92.76851794066377,28.103189945807713,4.864701794891207,29.62764163412235,33.281988828346385,3.0,173.76832836544156,STATUS,1.0,0,normal
20.93559292313064,92.12842105244344,27.908052509309396,5.088184816382949,20.740368507187213,35.16678593736267,3.0,192.71529689889536,REBOOT,1.0,0,normal
20.6913988565503,92.02147171926427,27.99144382497206,4.768237366447329,25.34342817645634,39.251337808544555,6.0,371.2528560069247,STATUS,0.0,0,normal
21.402697749625865,91.14623256098224,28.177598116479533,4.9826108000995095,24.674416472305456,45.105055951494215,7.0,503.67648444320895,GET_POSITION,0.0,0,normal
20.925607772752667,91.18909772391244,28.051273782093244,4.545850849626544,27.480515892127343,41.48482705388024,3.0,210.12142947737672,GET_POSITION,0.0,0,normal
20.9932053749431,92.02755092423385,27.990994368746716,5.189262681078847,24.687972316825913,40.07292398854847,6.0,425.148924753091,GET_POSITION,0.0,0,normal
20.935025488544778,92.00096382915962,27.909708333709723,5.529474141665231,19.725373370033694,39.92187844213159,8.0,479.75648222133617,STATUS,0.0,0,normal
22.728725675197524,91.66721402706993,27.905015290492752,5.837662660372988,24.246646496072678,37.14548442718213,3.0,162.46576216247166,SET_MODE,0.0,0,normal
23.921798035082986,92.08989453344267,27.872408012057207,5.027350443999932,22.083513346170026,37.82406634650926,3.0,232.01239086395432,STATUS,0.0,0,normal
24.921303858584636,92.8578942068932,27.918848970132565,5.236461242239156,25.23873863966968,41.70950418188319,5.0,210.8539547433108,REBOOT,0.0,0,normal
27.191156729484852,92.45450324361917,28.113349875811647,4.465812298127753,29.30253110956098,34.45855792622202,5.0,230.52426157004606,REBOOT,0.0,0,normal
28.36258504430222,91.57855686771093,27.96671675930616,5.450820297891676,19.781724267303165,42.37221620113208,7.0,397.4877458094591,STATUS,0.0,0,normal
30.004132299927477,92.13459795682186,27.797534039592815,5.232868551417232,22.59933179380029,38.44597173152459,9.0,581.0247549244841,GET_POSITION,0.0,0,normal
32.04318416256986,91.82818691916188,28.265225393958968,4.85481996651463,23.34192113864951,43.30222829947826,4.0,161.31205996907545,GET_POSITION,0.0,0,normal
33.89762318920326,92.07615907358424,28.047994778671775,5.371154240086703,23.855106713760367,43.84437382892833,6.0,412.63747663467404,REBOOT,0.0,0,normal
35.00510514866624,92.101555828326,27.788958489923026,4.9236571770063975,27.22037699231573,33.30766394997704,6.0,374.09437026957954,REBOOT,0.0,0,normal
36.715034677510246,92.10690606374018,27.933722660913876,4.862592445095633,24.479366747315837,37.673676947091124,5.0,296.94055173538504,SET_MODE,0.0,0,normal
38.86791396363612,91.75453186885684,28.016632957424264,5.142600477628247,26.247408177161336,36.577889248237504,6.0,341.63880931868835,SET_MODE,0.0,0,normal
39.87948040720792,92.35364349577522,28.255688813994606,4.680993650050905,23.12268086880467,32.749088139707425,10.0,607.7948126962498,SET_MODE,0.0,0,normal
42.42063115997509,92.17153409298547,27.83378313126117,5.306487429319985,25.68977303625381,35.86986689516236,4.0,185.88571751707963,REBOOT,0.0,0,normal
43.2035710886758,91.02047178171512,28.146406107903392,4.683203056421947,27.333392892633146,49.76502338106136,3.0,133.0454087132379,SET_MODE,0.0,0,normal
43.871104802716175,93.54402697853808,28.20992296404585,4.684983563053044,22.803101350788737,42.43803958484976,8.0,412.6839932005883,REBOOT,0.0,0,normal
46.47542532746914,93.093252878257,27.905701854238814,4.7270930634775,27.344074359419544,47.669151874423015,6.0,410.28115007647796,REBOOT,0.0,0,normal
47.925869553063905,92.39102277765214,27.958372957170965,5.227850011254836,25.157118306182706,43.31639376007334,7.0,444.72060747393897,STATUS,1.0,0,normal
49.889266132526984,92.61786165523152,27.844553612893936,4.814967391544088,28.13638072144676,37.0326273559661,5.0,296.02460352380257,SET_MODE,0.0,0,normal
51.243240192326176,92.05087388432307,27.969480828837955,4.595601264689849,24.39574029976908,38.47291521330383,6.0,377.1650318150305,STATUS,1.0,0,normal
52.51983405857311,93.51177753742934,27.99451150384856,4.81829600001926,26.143733965486298,42.35374472096123,2.0,124.74064104314746,STATUS,0.0,1,gradual_drift
19.70397222579266,93.63873791489311,28.098947499712356,4.990387288795854,24.87818130496441,41.750024813892146,4.0,209.12670807838805,SET_MODE,0.0,0,normal
20.094371996510894,92.79357678504277,28.163527520653066,4.6457082549006845,24.711363213878265,37.690631937166664,4.0,175.59295155915612,REBOOT,0.0,0,normal
19.82271572100196,93.25108707779559,27.887785590306752,4.654495667289697,25.77679128467707,33.96002731768317,5.0,379.35647373261014,REBOOT,0.0,0,normal
19.91631198869813,92.85000919967493,27.7049012403661,5.633388900229876,26.61042240767471,53.151044749554956,6.0,383.9787030297395,REBOOT,0.0,0,normal
20.370207008869123,92.11599624520062,27.996813283108565,4.741830378855834,21.251305264227984,39.43540131062878,6.0,407.4595199234044,SET_MODE,0.0,0,normal
20.789650400819493,92.59938655699187,28.044030629495296,4.903087289368098,29.300900826453635,38.69704442726952,3.0,175.67966692403462,REBOOT,0.0,0,normal
20.267130608260164,92.89114478925643,28.037412653152757,4.889828899760214,19.421010878350604,40.45333785562121,6.0,421.55533919437505,STATUS,0.0,0,normal
19.619144296406027,92.61673010667612,27.950999012873645,4.873592957668867,22.94556367078331,39.02908564275589,3.0,190.13967167744005,GET_POSITION,0.0,0,normal
20.264237833755992,92.75243853493379,28.01871281494959,5.186404021990731,24.717192787705297,40.49091563082194,7.0,295.0643141872133,SET_MODE,0.0,0,normal
97.91881169332362,92.8327622453431,28.227316721252837,5.2844428851416145,26.237067907257845,45.147789144465676,3.0,226.81164424724295,GET_POSITION,0.0,1,temperature_spike
19.82227917770935,92.8536530079679,28.057260125344378,4.908213670540523,29.728517583224136,39.50180608125431,6.0,313.3286752290928,STATUS,0.0,0,normal
20.003484535845278,92.93478300122563,27.943994736249536,4.629056514022295,19.42512553532468,35.34915824268896,9.0,409.6406798716808,GET_POSITION,0.0,0,normal
20.054534934183827,92.39184201673427,27.924970327435602,5.382332068354671,23.476917614830867,39.35342482208556,3.0,130.56492092451788,STATUS,0.0,0,normal
19.726938917060796,92.57605473776613,27.974522146348342,4.971397672640995,18.619499536602206,38.142392874360354,250.84324454623578,15050.594672774147,GET_POSITION,0.0,1,command_flooding
20.29312038482783,92.30361472908555,28.245510994274596,5.519096544457151,25.094865921730744,45.69559574898741,7.0,477.11114270522074,GET_POSITION,0.0,0,normal
19.97901126371552,93.44508293778928,27.97250489357107,4.326324230730451,25.815050753500092,44.68447625895028,2.0,136.01296998506166,REBOOT,0.0,0,normal
20.18945902431379,91.91254285427827,27.997030848321895,5.058620966384996,29.772387226513757,40.4301000017232,4.0,306.52044362905053,GET_POSITION,0.0,0,normal
19.661578688656633,93.5502742760145,27.927652964359556,5.575581900162862,25.361904282680364,34.885056580722974,4.0,215.83088351962425,STATUS,1.0,0,normal
19.837196428571513,93.67368710071003,28.164847503616294,4.894020759368552,28.132075388327138,35.09643094624022,12.0,749.343867052283,STATUS,0.0,0,normal
20.29741175177477,92.83537497267884,28.2939755882117,4.9323519729996095,26.751511244617177,40.060493046338216,3.0,194.33946995932195,STATUS,0.0,0,normal
19.85628118247067,91.68976834679455,28.06759195741471,5.088653507477102,23.694255408984496,41.34529187728512,4.0,316.717092570634,SET_MODE,0.0,0,normal
20.693831405397884,92.81447133516912,28.012415935567812,4.832361254334513,20.773117759623883,38.50150872269578,7.0,367.4569202412057,STATUS,0.0,0,normal
19.84149931985685,92.9657418487913,28.005517424976134,4.90637842038418,25.825006894875433,38.079321663171065,6.0,469.51948797694575,SET_MODE,1.0,0,normal
20.090212350281945,77.49415935406564,26.142353981682138,4.898655471742579,20.52369394856391,37.62880306728541,9.0,413.5443599096573,STATUS,0.0,1,sensor_bias
20.373036332749237,92.74239080309587,28.111772629642722,4.811773779672088,28.885621218008932,39.90642415902421,6.0,423.3603494466821,SET_MODE,0.0,0,normal
19.432992166807978,93.76455606346177,28.020124962399375,5.368656965060167,24.513813693889528,30.46895059170774,3.0,195.9463080024495,GET_POSITION,0.0,0,normal
19.29703026931038,93.33029751058658,28.064251307599108,5.1383234096889305,28.58553223453425,35.59469348492116,3.0,218.02752447263848,GET_POSITION,0.0,0,normal
19.392783339076484,92.53284455896372,27.893280670887446,5.075188469630991,23.5593566976028,37.4917966182106,1.0,41.14742294559389,STATUS,0.0,0,normal
20.51044808467825,92.19253730591048,27.942331468153437,5.242571302067035,25.806552359202975,44.83001277980768,4.0,172.50096687024893,SET_MODE,0.0,0,normal
19.787715950286678,92.82295660736526,27.938346259524526,4.92069325003896,25.628046572004067,36.74474543228428,4.0,171.15132473106334,UNKNOWN_CMD,0.0,1,unauthorized_command
21.035459462968177,92.87378401240338,28.153243447610954,4.76773885449413,24.864867645967227,40.72187256732482,2.0,127.43675643978303,REBOOT,0.0,0,normal
19.790876520314512,93.2215786980377,27.943186024509536,4.819212708615633,23.702021459810222,40.90617100372398,2.0,128.23488540604302,REBOOT,1.0,0,normal
20.095466568029792,92.6977079689146,28.31239904831647,5.000534912331383,26.17736805541156,45.19166602264305,8.0,609.9535645935923,GET_POSITION,0.0,0,normal
20.644234504185782,93.21192495062711,28.064629362852255,4.6822364874881295,22.221510209550374,45.0503096278566,8.0,469.6331246459024,GET_POSITION,0.0,0,normal
20.836245366553936,93.91348388196566,27.80864760100064,4.849921695023998,21.371694013122823,39.76998812482034,6.0,256.33177320119137,SET_MODE,0.0,0,normal
20.865499672948253,93.34231332355222,27.980718056012208,4.8451650074385695,28.728480679980482,38.09806103524223,7.0,338.6682324543043,STATUS,0.0,0,normal
20.532006148529405,92.89810029626719,27.902248731676536,5.637366868948704,27.181503966676303,37.34466758869724,1.0,40.322923792713716,GET_POSITION,0.0,0,normal
20.46671641283903,92.81707852045024,27.670842629526998,4.167855518019825,25.19767482580672,39.035747110136874,6.0,426.4114860308172,STATUS,1.0,0,normal
20.303203119117576,92.7157556898107,28.23992064101707,4.94611408357831,29.995427147631347,38.2638665827056,5.0,363.1198873761549,REBOOT,0.0,0,normal
20.387305665405613,93.46878248032374,28.105471381333,5.517708137844431,24.196703443825466,42.214509637432926,7.0,559.4233165595581,REBOOT,0.0,0,normal
19.86592247993652,92.54810845067566,28.079981097684897,5.036553339239736,28.968109659966938,41.68123926994082,11.0,621.3655575833615,STATUS,0.0,0,normal
19.770217967851178,92.86661532054782,28.024810549044954,5.226025242026328,25.526722254777464,42.367204764580066,1.0,40.7719350160637,SET_MODE,0.0,0,normal
20.10791221336659,92.850779756811,27.792697364696135,5.02994789452993,21.925747749770828,45.037134845744674,5.0,246.94597629807444,REBOOT,0.0,0,normal
20.05361475006896,92.55440614506794,27.927457429066685,4.7997999856350555,30.544120575312547,47.45147648560071,5.0,317.5537735326592,SET_MODE,0.0,0,normal
19.953484427369972,92.09812619069655,28.1262671162176,4.327425219647326,27.972132539872256,40.49865357363023,5.0,392.3885934105473,REBOOT,0.0,0,normal
20.427076347602704,92.9238530620168,27.842316995532624,5.061636706110891,24.636936906971307,44.39785508558261,3.0,132.42942617649533,GET_POSITION,0.0,0,normal
20.545045986113887,92.70881976977522,27.620234602562377,4.7673180186192825,27.181513778601847,38.59335926466314,4.0,179.45168322571885,REBOOT,0.0,0,normal
20.213344053942045,92.9653501556378,27.96593409883286,4.759899378150409,23.78888969800628,44.74002793433206,6.0,408.42215646694626,SET_MODE,0.0,0,normal
20.78470355273051,92.42329341428697,27.97873636689587,4.850303823206266,27.487447105178624,44.24603662870338,7.0,466.81797540603384,GET_POSITION,0.0,0,normal
19.753376792769153,93.27432674793043,28.020334512462206,5.523458421987048,17.82676430414812,44.033663879771964,7.0,350.1417794873132,REBOOT,1.0,0,normal
20.14959805504945,92.19831416737594,28.10927779652718,5.721451262676192,21.94059599891622,40.3762793647661,2.0,145.05158328116153,GET_POSITION,0.0,0,normal
19.95798849028311,93.46447227237017,28.095640871834682,5.065162381258521,27.93777923286089,37.32656734403645,5.0,225.75575109549263,GET_POSITION,0.0,0,normal
19.516402140599126,91.70535488520052,28.038815470786588,4.8605698328264815,24.25103338534324,34.421886248538094,8.0,616.2373903285632,REBOOT,0.0,0,normal
20.248885193695003,92.76625308342712,28.179329708213007,4.646832074764637,25.622626884666225,39.839851169915605,6.0,288.24766327978114,STATUS,1.0,0,normal
20.252837892717146,92.75525630755058,27.772154532878,5.140562048463821,20.959643013653697,46.132050168996734,8.0,346.0327592713616,STATUS,0.0,0,normal
20.927132318099193,92.08741759274582,28.07568727217161,5.534871680019544,30.54360098710631,38.76062039454371,4.0,214.32353383581673,SET_MODE,0.0,0,normal
20.5949259791912,92.66403488033966,28.093980754500542,4.925797883892453,28.57158893115303,43.140506341840215,4.0,190.0546061655272,SET_MODE,1.0,0,normal
19.954405997434385,93.05723017141437,27.814065657087966,4.286301187774033,24.39794434487401,43.37580560207572,3.0,183.23294700432393,REBOOT,1.0,0,normal
21.127824804756465,91.2736901351665,27.77456940869764,5.201014901544657,23.785912429410022,38.86525511629131,2.0,134.94772298973808,GET_POSITION,0.0,0,normal
20.897332943808767,92.5971012587876,27.88810868102866,5.295619913435015,28.08881308425908,45.26537935007808,4.0,238.5474525565266,GET_POSITION,0.0,0,normal
20.665111793174432,91.06172825097578,27.900768783622706,4.524246307884246,30.947411350506783,28.365357022077987,5.0,332.1214663621955,STATUS,0.0,0,normal
20.365650715592242,91.78717663002692,28.113012919525364,5.052945255098886,96.15808047880559,35.1089988850473,5.0,272.98410287999684,STATUS,44.12749952389143,1,software_error_burst
20.097055455568004,93.04525334203865,27.907819182446335,5.13536780484083,31.515408002189808,36.33747081456616,3.0,123.35071166863679,GET_POSITION,0.0,0,normal
20.35714705807574,91.89946135369732,27.87154772225782,4.978067809397318,22.232946012814246,36.72113990853044,4.0,315.85025987602387,GET_POSITION,0.0,0,normal
20.967336246264612,91.56212114038281,27.908254939495816,4.762768724274394,22.541839508503628,41.34505180474358,3.0,218.32962054479944,SET_MODE,0.0,0,normal
21.312083268408827,92.00783314185169,28.167794850123133,5.304781167069067,21.433176645839954,41.16015121221561,9.0,386.4307766704661,GET_POSITION,1.0,0,normal
21.202559447014238,93.09753391195319,28.001956506156542,4.8789860762093955,26.325281948948437,41.57596228870003,2.0,115.93411169250675,GET_POSITION,0.0,0,normal
20.41733324151258,91.10356206003364,27.973112346196462,4.554444151190021,25.52681064941311,42.38432597652995,209.96672949475465,12598.003769685278,REBOOT,0.0,1,command_flooding
20.193230958200587,91.44862035375442,27.983499175194844,4.385157654299096,24.54414662958404,36.1995817234174,5.0,238.11885411452755,GET_POSITION,0.0,0,normal
20.72622747984228,92.67691907186534,28.193809050148978,5.378254855999793,27.427775884369897,35.127295732770726,6.0,378.7172667270652,STATUS,0.0,0,normal
19.99187851429803,92.8100443549318,27.887624241009515,5.184999192941335,28.69698581564399,41.585278728031454,5.0,306.7297236235374,STATUS,1.0,0,normal
20.85848487777128,91.78153592049908,28.197326243641015,5.026392064138751,20.423012772139472,37.47907170541424,11.0,531.6366829552701,SET_MODE,1.0,0,normal
20.7007184846984,91.1648584179881,28.031574444838224,4.867917608944759,23.209083916296652,33.71809981852812,3.0,136.9452371132944,SET_MODE,0.0,0,normal
20.604460706276413,92.78252125966664,27.9759370927037,4.841300475739062,27.46043078236918,43.88537713816593,3.0,211.0754747542365,REBOOT,1.0,0,normal
20.184679716028594,92.4811236871781,28.375135074690142,4.677279005467517,23.596783948424253,45.58040762600919,5.0,264.51728922992675,SET_MODE,1.0,0,normal
21.06025217985268,91.97177407432144,27.84165407653021,4.870563306632034,22.605381770925536,46.22864355879464,5.0,248.80810676844868,GET_POSITION,1.0,0,normal
20.67454418773193,91.1735995877766,27.94694713606495,4.3639738354639475,28.055612282951184,40.74803088589888,3.0,208.54540233671867,GET_POSITION,0.0,0,normal
20.453026925495024,91.50189547393435,27.8151353141254,4.779180903959446,21.13149979082806,42.50372838389161,6.0,416.65648608551567,REBOOT,1.0,0,normal
19.806010142812607,91.39195591447715,28.142869295580425,4.906718745094672,24.095260576626686,45.47947289344764,5.0,255.28033126724583,STATUS,0.0,0,normal
20.97837807420452,91.58241119434814,28.253378340047753,5.182964014157125,25.985932077414425,37.434336839906265,6.0,449.41643070044483,GET_POSITION,0.0,0,normal
21.73329665619365,92.08646709102446,28.250488417210697,4.988022060987991,23.278540258269643,44.44271073621637,2.0,135.06001320578739,GET_POSITION,0.0,0,normal
21.724449917785535,91.74379454942249,28.1835923129719,5.238476934162668,27.349466968039525,41.101584936572834,5.0,269.1528435643076,REBOOT,0.0,0,normal
20.913191363982186,90.70766417492091,27.970356929830604,5.404740531534029,23.29336907440789,43.65484660937037,6.0,342.5975160443181,STATUS,0.0,0,normal
20.891757212185464,91.8760209668815,27.945213853376522,5.3174510281472305,29.225858480337756,40.74437208350374,2.0,138.13677487444943,SET_MODE,0.0,0,normal
21.35728748683512,91.2849216149584,27.74932453412589,5.141152954213567,24.622761107512684,45.18502683899201,8.0,387.70682652655745,GET_POSITION,0.0,0,normal
20.808077907580333,91.41164156472043,28.305381030277267,5.003558803754236,27.01381041011606,40.89409505016615,5.0,293.7521584950448,STATUS,0.0,0,normal
21.366316595020294,91.7403106934913,28.07034671172227,4.705763597475932,27.238071858948448,34.06408376213033,5.0,330.7116684516199,REBOOT,0.0,0,normal
21.590707983966908,90.38936847906237,27.926206464269576,5.221983215413795,23.11737999176778,45.80770652925889,12.0,738.9593030441824,REBOOT,0.0,0,normal
21.81422824925458,90.8645592751254,28.199208533348045,5.503924214666458,18.839540354032334,36.20987703611155,4.0,257.3325353447189,STATUS,0.0,0,normal
21.323070161542766,90.5532618569048,27.854085322486,5.102631811895125,26.082267263991504,45.012232840975656,7.0,432.9394998534983,REBOOT,0.0,0,normal
21.32183149823596,89.97078869002648,28.0609933051334,5.575177744527837,25.216865041374607,39.639028474238714,5.0,239.84548875800402,SET_MODE,0.0,0,normal
21.09276410524668,90.86302356488358,27.974105629856375,4.542328487581675,26.66747808272538,44.704043940790825,3.0,169.22464139671456,STATUS,0.0,0,normal
21.154342571255746,91.8796267351975,28.095801570982044,4.653750984566138,24.320417582851487,44.53907445946706,8.0,490.23535855281466,SET_MODE,0.0,0,normal
21.436116590944394,89.63722809141912,27.990463969122082,5.256560452324479,23.708716903597853,41.720571897261486,3.0,213.60752908151352,REBOOT,0.0,0,normal
21.7157380133828,90.47379279742515,27.782360816333316,5.079287063045975,31.0254190329451,42.03414127050852,3.0,198.4685084603451,SET_MODE,0.0,0,normal
21.97677385476464,90.74212746070323,28.011336455900505,5.394134652971542,20.582937815467666,41.69051446877026,6.0,342.38182684462436,SET_MODE,2.0,0,normal
21.333075387933565,90.41458395169896,28.157329621281303,4.995358507781978,27.201851435092713,31.944700974875687,4.0,315.9039731454633,SET_MODE,0.0,0,normal
22.29488230758877,90.22694496573419,27.995617539121902,4.7396073732415,23.276194425449827,40.47332087559281,7.0,310.18274607032305,SET_MODE,0.0,0,normal
21.633264415475708,89.56364964884872,28.116267268238364,4.935922027338488,23.992664146778733,35.53574329571242,5.0,241.36097371099368,STATUS,0.0,0,normal
21.77751503382793,90.2586942489624,27.843170577148893,4.540194808722879,24.048691502278103,40.68474857498265,4.0,214.61001760506625,REBOOT,0.0,0,normal
21.531960491347313,89.69226575068173,27.996060881009523,4.661422798070889,22.58969717748623,35.42822981446714,3.0,147.4286492385492,REBOOT,0.0,0,normal
20.906361323171023,88.9033472638624,27.906323431736713,5.291733199375403,26.713672630708718,35.2601922350957,3.0,195.05303961672135,GET_POSITION,0.0,0,normal
22.275310781916122,90.52258791286215,28.112047126015707,5.261836224340883,29.171930787849874,46.41973800701561,6.0,249.49217504070126,SET_MODE,0.0,0,normal
22.262482131842905,90.33080159311153,28.0047237343393,5.108901285441823,26.410040983739986,44.277789552496756,4.0,188.38988548374655,SET_MODE,1.0,0,normal
90.13519620933927,89.80309922204785,28.103511051450493,4.483676743711859,25.310145988636286,39.98342966022338,3.0,155.20166851903252,GET_POSITION,0.0,1,temperature_spike
22.087870025427577,89.81681936244264,28.16315656392368,4.892478927346134,22.04067850270226,40.7390746009961,7.0,471.3368170222086,GET_POSITION,1.0,0,normal
22.31471400624171,90.16381769570167,28.103742786268207,4.632500033401985,26.550475797473354,39.00833589702796,2.0,150.06919060649022,UNKNOWN_CMD,1.0,1,unauthorized_command
21.53097604173112,89.66257881321187,28.040967765144046,5.352959976136329,31.469048895187896,42.27950550391809,7.0,503.57769575485526,REBOOT,0.0,0,normal
21.992414411707752,89.92555200514663,27.85026816122329,4.82488335993122,23.857916128614722,37.29578253380478,3.0,141.84971199003058,GET_POSITION,0.0,0,normal
22.570160981494695,89.24733072412954,27.999582083399964,4.674275686765535,23.8720492619444,43.97496105147183,6.0,375.69738202585654,SET_MODE,0.0,0,normal
21.799530940974723,89.9739971328991,27.920036439697625,5.0089388495364275,23.31673260705701,38.987652635943554,5.0,206.00452906893742,REBOOT,0.0,0,normal
22.46782685170062,89.39974697683199,27.948390406494365,4.8079536629496165,23.531757296516737,38.320612016675085,4.0,209.68588405645778,STATUS,0.0,0,normal
21.85728663850456,89.25715499523666,27.94381987738746,5.445123173061112,16.764101338982847,40.08685207393937,3.0,216.7180553793992,GET_POSITION,0.0,0,normal
22.636359044145024,88.4453101737694,27.853011163782664,4.779556730739743,26.21510615756714,37.635412680297556,4.0,233.06651419893433,GET_POSITION,0.0,0,normal
22.485743407081006,89.14347792715085,27.7063992116299,4.58023152223261,22.46334347093616,41.31472939798593,6.0,275.98591734620027,REBOOT,0.0,0,normal
21.904498682447354,88.50314028715749,27.899778542750834,4.354125945272745,20.1692106436246,37.8505496427464,6.0,345.25281155719506,STATUS,0.0,0,normal
23.067330175531637,88.51856354273772,28.029006917788625,4.990764049275976,27.259569849197646,41.874094411275344,3.0,143.7639510554674,REBOOT,0.0,0,normal
22.35880555535133,88.34808468812905,27.797773443185875,4.831420965842622,21.75394664487419,44.8640261556459,3.0,167.18297494367553,GET_POSITION,1.0,0,normal
22.380066758259186,88.14021416114649,28.002352335470743,4.571328618046482,23.983992838348726,37.122713252767305,4.0,238.05335563965494,STATUS,1.0,0,normal
22.83623177789007,89.65277914311217,28.285040263646646,5.356767938376736,29.39932717356574,39.477698170819316,7.0,377.876271503088,SET_MODE,0.0,0,normal
23.267599205826095,89.17263870530684,28.153458483287835,5.200173544228773,20.77235260592646,41.845322852141685,5.0,387.3937900867722,GET_POSITION,0.0,0,normal
22.45425244770036,89.38325387060539,28.24653122636808,4.991534636318831,20.402205296206713,38.256570580074374,6.0,375.00727141353167,REBOOT,1.0,0,normal
22.937979667530094,87.72726012607677,28.05866918153991,5.40929787325126,25.807918568687015,41.85728224330666,4.0,294.86282783150347,REBOOT,0.0,0,normal
23.13784338475323,88.28952001956183,28.175126473447968,5.198760810019584,28.448462092031107,42.22159544260696,2.0,140.8582837644464,REBOOT,0.0,0,normal
23.296843412709464,87.52188431571122,27.89140529042983,4.75314322954447,20.276974846804112,44.333047105177215,4.0,265.78660948284426,REBOOT,1.0,0,normal
23.14373029139865,87.73510669054104,27.9033489599467,4.68823395080277,26.223069210511532,37.57603981566035,6.0,359.2532995926197,REBOOT,0.0,0,normal
22.980155897287105,87.53778925561902,27.58912896907938,5.245394463336158,26.742998619885075,36.2288990390781,6.0,240.521708107581,GET_POSITION,0.0,0,normal
22.849997886974755,88.530137642846,28.177921821106345,5.118910086940205,18.82251854892304,38.76969044174503,7.0,451.77092815458343,STATUS,0.0,0,normal
23.269804729649216,87.62532967866007,28.231048596972983,5.050924330391198,27.39550401372166,36.1289906418116,6.0,325.4297887205995,REBOOT,0.0,0,normal
22.86104367857741,88.27035081345237,27.91702341319791,4.746050659139327,27.62981763952654,42.25799281618999,2.0,89.4209733441055,REBOOT,0.0,0,normal
22.176142717177356,87.95056778787395,27.961907244040415,5.182384270101726,24.064643280231927,35.35299479929436,6.0,346.7103032668986,SET_MODE,0.0,0,normal
23.574314562878204,88.71231435010817,27.886920682946357,4.773350335059815,28.757039086894025,49.33206567301075,5.0,347.1106644566609,SET_MODE,0.0,0,normal
23.816488964559728,86.73241384342974,28.057398032721625,4.9694040036218965,28.409366722974536,45.183711446295,3.0,235.40133536384445,STATUS,1.0,0,normal
22.56517562059085,88.01305886820126,28.168739881795485,5.434083243916094,25.309353777151614,40.05030307840126,6.0,329.7851738692997,GET_POSITION,0.0,0,normal
23.162091554560575,87.86764629688909,27.738584203917846,4.801749729256956,23.6456638290252,43.4695779719919,6.0,370.2535916891944,GET_POSITION,0.0,0,normal
23.86947492531708,86.71840942752249,28.061415779596338,4.5281032228781415,22.08151632225113,33.45279254275683,11.0,814.5475286799774,STATUS,0.0,0,normal
24.50082737769867,87.61903996453418,27.95849923424213,4.684235842438967,24.887309471901425,50.09349332559823,5.0,266.79988399000297,UNKNOWN_CMD,1.0,1,unauthorized_command
23.742341642546148,87.19363382635154,28.017009158795002,5.298289648006287,26.709276759112537,37.639141551198044,7.0,319.8320285918283,STATUS,0.0,0,normal
23.499189345510008,86.82163703482063,28.068849100251143,5.076419341214063,24.027469416878077,39.51801034440256,5.0,256.3763662465378,REBOOT,2.0,0,normal
23.773762069845855,86.43295922245353,27.971769634184078,4.961336786393374,18.40749698421391,32.57626685124625,4.0,303.85965276934206,GET_POSITION,0.0,0,normal
24.45355744671974,86.39467426777867,27.984461971989134,4.847271858406529,28.806141683729713,41.94514921896358,1.0,46.37572433847351,UNKNOWN_CMD,0.0,1,unauthorized_command
23.70205587426138,87.68819957443506,27.967918724866806,5.145607972265957,25.57066966553468,35.574623371691565,7.0,372.18189708189897,SET_MODE,0.0,0,normal
23.697740149675745,86.57247428574138,28.14554743026824,4.745268544702933,23.8611265099695,40.406623046264116,5.0,292.92806210006813,REBOOT,0.0,0,normal
23.881427975903602,86.87182438512347,28.062813994019123,5.091699670592779,27.571475165269867,37.822902268301846,4.0,295.5381157585472,REBOOT,0.0,0,normal
23.750427668361862,85.99373573050168,28.033087530660605,4.780623629356113,29.573915789448268,35.68902426027863,6.0,465.0511880767139,REBOOT,0.0,0,normal
25.654766575071648,85.90749691173372,27.809357241836157,4.730702184417484,16.594265291536324,36.78255399294953,1.0,57.03241238533019,REBOOT,0.0,0,normal
27.72961895054352,86.74647810262084,27.943213038518028,4.808753769552497,26.302790949766216,40.90315213634209,3.0,231.83448580242188,STATUS,1.0,0,normal
103.78365093331088,85.43859670190476,28.134800374050876,4.8873777660548114,20.720052367568957,34.874036108524706,5.0,232.2918189715509,REBOOT,1.0,1,temperature_spike
29.927202616652735,85.81352629893213,28.005654485968588,4.985351049219889,26.497331520396823,37.00475331590569,8.0,370.19273340683856,SET_MODE,0.0,0,normal
31.38575124281542,85.94575701853795,28.09892972043837,5.070636738533334,25.383781607123737,42.65309352505791,5.0,389.85016392695957,SET_MODE,1.0,0,normal
32.35160974539241,85.89191400706127,28.264976770049145,3.8934904125714667,26.90717957932165,50.40991949949725,2.0,120.77441068226649,STATUS,0.0,0,normal
34.80461105562279,85.65405224492709,28.155790910381324,4.75770483267597,23.502257156516034,41.910355278212016,11.0,521.7994475557397,REBOOT,0.0,0,normal
35.89477626146804,85.84877928789084,28.013973750654962,4.882529006793188,19.380279664542545,36.33095343129085,8.0,476.1569185841798,SET_MODE,0.0,0,normal
37.32831824365714,85.9044796678619,27.92335162447064,5.4515186115824985,23.648895426229995,38.53154331971076,3.0,213.9853386454862,GET_POSITION,0.0,0,normal
40.15239952460113,85.83247740401349,27.616967560591615,4.67599921748536,26.22054290541935,40.12635602461031,7.0,511.53770240258666,REBOOT,0.0,0,normal
40.46934330857467,84.87930059324806,27.97474226162907,5.048838985429974,28.04617698602567,38.60230019745717,5.0,372.7938513298484,STATUS,0.0,0,normal
41.52384286686812,85.1371184246556,27.95109812562747,5.448509092920752,21.484506098582425,43.61223266694773,3.0,188.34850837049024,GET_POSITION,0.0,0,normal
43.12875701426774,85.78353308193093,28.058554929159307,4.6061094410158185,28.081181280619052,40.8698939320569,10.0,746.7784057471522,REBOOT,2.0,0,normal
45.23343485349353,85.5404057201981,27.976914215953798,5.118192567759321,23.056383131060436,43.63140953963948,6.0,362.40725011278107,GET_POSITION,0.0,0,normal
46.29412912723846,84.31357027425946,27.95194224108448,4.759318449819644,26.08734964478358,38.742224838809484,7.0,449.97677266950166,REBOOT,0.0,0,normal
47.14827416490495,85.08265782376495,27.733090160423917,4.84860987731323,23.4703181414031,45.302000878885025,2.0,140.69758418173163,REBOOT,0.0,0,normal
49.566033447126834,83.82473572432015,27.85900482562749,4.759066749814005,25.546511883136304,39.33405766287382,4.0,228.06964683368136,SET_MODE,1.0,0,normal
50.40582500492492,69.74427147741021,26.571497656120084,4.780442807475234,27.675632903710824,36.11524052344804,8.0,343.5460758844079,GET_POSITION,0.0,1,sensor_bias
52.89711889130534,85.57668101079102,28.257386144669905,5.816573644371948,21.318957768134393,48.70928152416889,6.0,324.03992564584746,GET_POSITION,0.0,0,normal
54.05450465486939,84.0608950100817,27.985371192438155,5.2533367616215,22.960282309759506,32.70008901215553,4.0,259.83107468735363,STATUS,0.0,1,gradual_drift
25.16985361045712,84.02478668730123,28.04917166103612,5.330521358535862,25.55488776202626,37.04504509878029,7.0,333.8530634990535,STATUS,0.0,0,normal
25.919199918033335,84.73114549344358,28.14287172354292,5.147598046050949,32.20475098309106,37.49188859267842,5.0,229.677072699928,GET_POSITION,0.0,0,normal
25.49189150885793,83.48500035496002,27.87836590956996,4.518122963479413,22.410430863499517,50.03322509222625,5.0,258.6161089182875,SET_MODE,0.0,0,normal
25.863751786387155,83.84739477891625,28.055022106492817,5.118487391096992,31.120401657990755,47.22743553658604,4.0,165.13783396445143,SET_MODE,0.0,0,normal
25.774357697543948,84.36947725578902,27.888926484050177,5.321878884352204,31.01326991102551,45.97571257456879,946.569442193204,56794.166531592244,REBOOT,0.0,1,command_flooding
25.299665577306605,83.66172389327058,28.129723665773653,4.7439801577882665,24.708066547895225,38.677365350494675,7.0,352.44036861273486,STATUS,0.0,0,normal
25.43844557187333,83.768630198714,28.02271045719276,5.289598000148338,24.105542421400298,49.7047120153671,5.0,224.8476793273199,STATUS,0.0,0,normal
26.165412888279874,84.16660715716166,28.044767772097217,5.211300862956223,22.923804404005924,41.47340801536389,2.0,135.93035327707483,STATUS,0.0,0,normal
25.67697948268521,83.91334965692376,27.882610210387213,5.555612013444101,24.79539240900199,43.90905348121249,5.0,368.5856025086576,REBOOT,0.0,0,normal
25.70678150303785,83.74422377681226,28.106054853941618,4.874665096245915,20.779841702321328,40.71878152442483,1.0,40.79502383447114,SET_MODE,1.0,0,normal
25.543425583483838,83.34967947600725,28.312706938184654,4.6707167053172824,24.771282948038206,39.802133714707,3.0,148.031972488947,STATUS,0.0,0,normal
26.15202267390153,83.61289768137185,27.84881324568577,4.891511567188236,29.490640821552567,38.99288530429448,11.0,855.9022229426166,REBOOT,0.0,0,normal
26.864568421786057,83.27484013340805,27.949036148852873,5.430671297949087,23.166744812569846,39.16144002632335,4.0,221.64066174924403,GET_POSITION,0.0,0,normal
25.66937995523782,83.47467381145964,28.034741121125215,4.451478235747411,24.277827088032847,42.43396659471232,6.0,465.26209521166345,SET_MODE,0.0,0,normal
26.162767136381305,82.90660702150149,28.117960931799374,4.37948728537069,19.896578577198277,41.46879919510155,5.0,254.8425076741355,GET_POSITION,0.0,0,normal
26.774497700164503,82.97334034801291,27.91606805720658,5.026818583679484,26.12218626439313,39.87411451918526,11.0,535.9497596516501,STATUS,0.0,0,normal
26.234119284025706,82.47945975888561,27.575045456478588,4.867223212167753,25.79344505485412,46.03809597079542,5.0,242.82168234559919,REBOOT,0.0,0,normal
26.503119528685897,82.86702289869928,28.203878424124603,5.0023183679527055,25.191107079297314,28.132987725037076,7.0,303.8640249189827,SET_MODE,0.0,0,normal
25.953229367826243,82.3894007216496,28.114075917937623,5.28359353137076,24.34951884933357,42.03954899168478,6.0,455.14374924219015,STATUS,0.0,0,normal
26.6053390024385,82.1485509132303,27.738557870427,4.834229196164344,24.121726243682637,42.870954826635916,6.0,475.1604054318963,SET_MODE,0.0,0,normal
26.41479369919059,82.74588832561984,27.908864681233066,4.438098250720814,26.505700701102015,44.58785147302068,7.0,547.2624660360586,REBOOT,0.0,0,normal
26.93937697014669,82.63423393292925,28.2352273644291,5.613344467159983,24.91355019523413,39.740514235786556,6.0,444.48675355854573,REBOOT,0.0,0,normal
27.075263779410754,82.83094189341851,28.21716946276868,4.700831513768367,25.944915614665998,40.83168026953583,5.0,369.377581530195,STATUS,0.0,0,normal
27.69114254623224,82.13592987213278,28.140796003401842,4.682288863396371,25.644948452363643,43.943793533258884,2.0,132.88683737351903,SET_MODE,0.0,0,normal
26.941953985913784,82.46786527681301,27.973583134906022,5.331116004116779,28.370281861287285,45.96466561712072,3.0,219.14564543407363,REBOOT,0.0,0,normal
26.894971350202198,82.45195426842591,28.012448112821875,4.884653263687545,27.030982292125163,38.797856059284925,2.0,96.66738914744383,SET_MODE,1.0,0,normal
26.896719745396684,82.31204126429058,27.98036112923108,4.980983044389557,25.57858552945057,41.06790313251024,4.0,222.06602086194056,SET_MODE,0.0,0,normal
26.73176644995527,81.59032041127166,28.169235967490327,5.144837037218095,29.55526609195654,46.71429585739503,6.0,393.8007103907395,GET_POSITION,0.0,0,normal
27.06223986809691,81.99172761199601,27.868623639025735,5.325074930932999,26.260805587169685,31.503891696484594,2.0,149.9817066049277,STATUS,0.0,0,normal
26.862238266140174,82.01343201971409,27.87913005176737,4.899961792045469,28.914888066371255,37.23994960074166,6.0,398.51267096850813,STATUS,0.0,0,normal
27.10106760588684,66.74969608884759,26.6515411880254,5.45598560177429,26.820827825159913,45.86334391441185,6.0,441.3652700002094,SET_MODE,0.0,1,sensor_bias
27.61373128665227,80.61805353495991,27.993345781673266,4.359260045379559,19.47424276320537,44.37015133443321,7.0,412.7058644378033,GET_POSITION,1.0,0,normal
26.736801798596424,81.6571746924535,28.20677010331807,5.227936171085923,28.91450428995799,42.08978084370678,5.0,343.4607475410088,SET_MODE,1.0,0,normal
27.647807158397004,82.59929634538601,27.899273168952917,4.748141732594703,25.405528724028006,38.20561250756352,2.0,158.39846451000693,STATUS,0.0,0,normal
27.77084192793826,81.2295869240178,27.991783245949176,5.411681394982398,24.844135687297666,36.47272600405832,2.0,92.27908457038062,STATUS,0.0,0,normal
27.248604856138623,80.96262982397624,27.861638052273406,5.042613343649164,25.844045042468732,37.63513752303051,7.0,539.5377938484492,SET_MODE,0.0,0,normal
26.498615854326005,81.4309017775686,28.001104402213535,4.79812840039718,23.965050514128798,46.19203288327477,3.0,182.68367374102831,SET_MODE,0.0,0,normal
27.155436771413452,81.31848419923132,27.77821795945018,5.19885232790649,25.681086581166834,37.48622924337862,8.0,525.8297698336186,SET_MODE,0.0,0,normal
27.96824640981488,81.67724983680351,27.926854986856757,5.267956504162176,23.224371800970722,40.40569185695863,3.0,225.34428082926155,STATUS,0.0,0,normal
27.49085277508044,80.37106592204557,27.78456192026078,5.192568236857592,28.822816776203112,36.985169420553014,3.0,169.15850070627806,SET_MODE,1.0,0,normal
27.150492055910412,81.28534940816209,28.10408848497869,4.691091128110082,24.65923565913685,43.37109612039611,6.0,340.48621797361216,SET_MODE,0.0,0,normal
27.398170671154784,81.13508200719203,28.10748840096395,4.854794862913375,23.8522484718327,37.84509487861423,6.0,366.5236407233041,REBOOT,0.0,0,normal
27.985844331767847,80.68957261766408,27.740460590427347,4.998778148863569,22.22522255284218,39.609624439382344,4.0,163.0563335194961,STATUS,0.0,0,normal
27.917446717038125,80.85133839534873,28.200082861825084,4.9876221042049815,25.806327367445924,33.266471467828694,5.0,299.3332361886701,SET_MODE,0.0,0,normal
27.65197205068615,81.11865691623274,28.374612268962977,5.224923642631504,25.561321300375276,33.54652705518024,7.0,361.50443419838444,GET_POSITION,0.0,0,normal
27.649234752627848,80.96261446224827,28.00690095801045,4.395529630248017,26.16527384103252,40.03069277328603,5.0,385.59083647835627,STATUS,0.0,0,normal
27.687302355896726,79.87808135914032,27.903832860966304,5.1002981163660515,21.918244337484612,34.699371379208955,5.0,217.54705975060628,SET_MODE,0.0,0,normal
27.522697607040524,80.78342040403388,28.423649588650456,4.913005593669008,20.196456403565282,48.42034655733801,5.0,291.8640924039604,SET_MODE,0.0,0,normal
28.58507653725014,80.26537367914395,27.802154725254624,4.748449815084815,26.87677390751968,31.753907551551002,4.0,311.59490726037774,REBOOT,0.0,0,normal
27.856864770829397,80.25916831538547,28.003015970030365,4.77725396666912,29.453925585629523,36.79929880534358,6.0,456.24846007643464,REBOOT,0.0,0,normal
28.51911883532426,80.18498981231035,28.02694334089479,4.935638700644611,21.920939132830313,40.0668034690702,2.0,136.10787538996402,STATUS,0.0,0,normal
28.686833797397277,79.9995867029956,28.201772143067863,3.9196744686621448,29.768323850685096,38.53946824881686,4.0,254.29776831937195,REBOOT,1.0,0,normal
28.52326693197898,80.59754563220187,28.053960846269018,4.789613128762535,25.851733176209144,35.58341817334433,5.0,256.146187426568,REBOOT,0.0,0,normal
27.996506711906335,79.8874932808857,27.92520491563173,4.737255552606112,24.97881128634751,36.16828864201893,7.0,382.74799157068736,STATUS,0.0,0,normal
28.375430084567345,79.29792605831608,27.85732234444181,5.159834962796787,23.807353910362664,36.03738369000305,3.0,130.8161837704953,GET_POSITION,0.0,0,normal
28.248607901550898,79.58997724144352,27.94872672696308,4.758341995246844,20.84644594172501,38.85311322071975,9.0,642.9989871929656,SET_MODE,0.0,0,normal
27.94071237570298,79.80583836641318,27.848960895858227,4.935465859948853,27.963185547773797,47.8077163580697,2.0,105.90958143230495,SET_MODE,0.0,0,normal
28.475396744482932,80.26156254127767,28.007173797967702,5.462682988298391,22.67318091568719,40.31174918623284,3.0,200.13382788362486,REBOOT,0.0,0,normal
27.91704407926473,79.87969134930857,27.915370573020926,5.298305455944627,22.6605799727872,44.7316019575501,6.0,325.8227465276672,SET_MODE,0.0,0,normal
28.906279944728293,79.08479925767662,27.775894331006537,5.270681419983036,27.975778929660862,42.027905383312564,5.0,292.86608827925255,REBOOT,0.0,0,normal
28.287444933375635,80.68532799466747,28.188271868256237,4.850038270876745,19.35104965998482,44.45544959192888,7.0,435.4006922653906,STATUS,0.0,0,normal
28.595369149477442,79.50853919608369,27.925349121485645,5.1629096837868955,20.4292065679955,28.800142789625657,2.0,144.1481926712483,STATUS,0.0,0,normal
28.669358008669146,79.9480267929184,27.809779479253702,4.929830659863922,24.945597269475755,38.78216791540708,8.0,387.5700408130177,STATUS,0.0,0,normal
28.493137012211623,79.16942438050218,27.97476112982687,4.941172036796918,25.879853287014555,45.22854169260285,7.0,391.6543083123598,SET_MODE,0.0,0,normal
28.871545728455356,79.44769048976833,28.01025573489515,5.122905603123965,26.454203943906773,37.713056709002664,2.0,90.40652575134541,REBOOT,0.0,0,normal
28.48658357765013,79.53726218778058,27.738029991163145,4.820901923473721,24.09460451981124,47.049892659478445,6.0,258.18252118110223,REBOOT,0.0,0,normal
29.064243046369857,79.66393875205799,28.049747150068864,5.447900931332961,32.59110900592507,45.93556061507105,3.0,192.56092274025502,SET_MODE,0.0,0,normal
28.21600829280879,79.52164388883712,27.84292636469646,4.951960958120619,24.316322323702497,38.12347713549015,4.0,190.25456709742443,STATUS,0.0,0,normal
28.843119748562913,79.36798983324555,28.25665432137862,5.1855081698779,24.307641543691833,37.98734592381457,5.0,211.95986838521975,GET_POSITION,0.0,0,normal
30.627086703885656,78.71410108945113,28.07859407681151,5.436680143777189,22.60903999355837,35.945576630582124,4.0,303.53566899302484,REBOOT,0.0,0,normal
30.5098112111625,78.52635423715026,27.9400150014836,5.309496132372552,25.371720449563213,37.48162307254481,6.0,368.23546074849503,REBOOT,0.0,0,normal
31.69675081117573,78.91995154174883,27.888224834452398,4.577324269192842,26.844883696140325,35.06964374332434,5.0,226.9256414805969,SET_MODE,1.0,0,normal
33.230788462567006,79.16247800731676,27.984254843865457,5.133468768502965,28.61073416360038,41.71524472173202,6.0,252.82227058741194,GET_POSITION,0.0,0,normal
100.24113398149805,78.52767327765291,28.091918611237492,5.255215818338194,20.532147206679348,34.17581402661427,3.0,134.38320640963875,STATUS,0.0,1,temperature_spike
35.27862533548938,79.11560044081685,27.99617588071222,5.267558906648224,24.2620139849329,42.41493206476089,4.0,235.41395845129824,REBOOT,0.0,0,normal
36.389810044605994,79.25417241774352,27.967426178929472,4.666011549765611,26.34011083242743,42.51231478760099,3.0,200.21583062026772,SET_MODE,0.0,0,normal
37.50323803698522,78.01542939610991,28.008755543622684,4.802889428894803,26.761172603783606,33.355182379264306,4.0,262.6048119977673,GET_POSITION,0.0,0,normal
38.74789141119291,78.00173888585658,27.909421160314455,5.298367470722487,25.019645973413617,46.199274425313355,4.0,183.10769380231977,SET_MODE,0.0,0,normal
39.52204421222118,78.297511890107,27.948519110973546,4.771471888795206,26.627271908596306,42.05443717766089,5.0,326.69779036754176,GET_POSITION,1.0,0,normal
40.315157770559296,78.4699038427911,27.68713113416425,4.910091183000706,22.5731083212226,42.99879208577948,4.0,224.7784998748159,UNKNOWN_CMD,0.0,1,unauthorized_command
41.73366883746686,78.00311698435442,28.146058934627856,5.472762742850591,29.67371629695507,36.96533919382891,6.0,351.5385082318716,GET_POSITION,0.0,0,normal
43.27700080741716,78.89171657018217,28.044819667048266,4.985660224884563,27.97788430893829,42.48951647389247,5.0,360.2860812490634,REBOOT,0.0,0,normal
43.515829150694,78.37878189811501,27.883981623394984,4.781967758649847,20.965216638804485,44.505573798888264,7.0,373.0998243502988,GET_POSITION,2.0,0,normal
44.23032734762043,78.13853034095744,28.284810247203286,4.736714792941129,21.774690855649734,39.60556640398129,5.0,229.39980943267074,STATUS,0.0,0,normal
46.1136455053163,77.35384200779022,28.01305247205886,5.099815798875556,21.85923474967928,48.00768983699344,5.0,374.6906267132681,REBOOT,0.0,0,normal
46.67274871024914,77.36781678221216,27.84457846420372,4.600055597456837,27.033909912689584,40.17625853965175,6.0,290.91133820792106,STATUS,0.0,0,normal
46.901331167381514,78.12110144150427,28.12851061322057,4.925799210831075,21.1458167007476,44.5631432018099,3.0,155.28358446655713,REBOOT,0.0,0,normal
49.15827151983649,76.87012144405118,28.059707232476388,5.0999691604970065,24.006926997375757,41.17203522903462,7.0,477.84521649273427,GET_POSITION,0.0,0,normal
49.653477752932595,78.39951669847801,28.059186997822632,5.3897449461643,26.36411318925032,42.34208613142747,6.0,404.0520760938257,REBOOT,0.0,1,gradual_drift
29.431949888695396,77.77186195522654,27.93613665930226,5.2002644241109985,24.801502196360694,33.31467092946091,7.0,504.11200595947196,SET_MODE,0.0,0,normal
29.626762363723444,79.43119411440402,28.067574358566706,4.785780464605346,25.776662547138116,41.48421495286145,7.0,331.4826596054235,GET_POSITION,0.0,0,normal
29.595368721654225,78.9232879657199,27.960736256466834,5.353525795269116,21.802591865953726,37.060099594970936,5.0,270.45597866284066,SET_MODE,0.0,0,normal
29.827536371723436,77.63926643358772,28.083391217746875,4.910145488735757,26.784563120191734,36.61440677688925,5.0,225.17664779125224,SET_MODE,0.0,0,normal
29.39353273998507,77.63846783759352,27.714258331898403,4.629289093385177,23.16036432257201,46.97641273786391,5.0,308.20782943372086,SET_MODE,1.0,0,normal
29.796322853671803,78.15206190195882,27.93491898055312,4.948387592220358,24.026140976806175,39.1449190077506,7.0,361.91976591083636,SET_MODE,0.0,0,normal
29.509993550743644,78.46948675011548,28.25832326467123,5.4314507603437105,25.713195183717957,35.98679267609801,262.17055843871367,15730.23350632282,STATUS,0.0,1,command_flooding
29.93144346518893,76.7635146347477,27.884939881689956,5.049572015019478,25.309234664592545,38.5634734875645,6.0,240.08264831628986,GET_POSITION,1.0,0,normal
29.90354568823593,76.65497435591352,27.90942425537602,5.003756559298936,25.071940057046778,34.798199084312344,6.0,254.32391963029903,SET_MODE,0.0,0,normal
29.30407209837982,77.20378647050656,27.932805799232504,5.4911634934108555,22.748119534069733,45.73553787278508,3.0,171.9072360623212,STATUS,0.0,0,normal
30.13285595039955,77.77382782529968,27.817779079616702,4.570593545883672,24.101351766402423,37.21727702333394,8.0,626.6189299121819,UNKNOWN_CMD,0.0,1,unauthorized_command
29.503657153922298,77.69956874410512,27.668757883565764,4.614320265784168,25.00655077251111,42.117199735774676,7.0,529.4383884605712,SET_MODE,0.0,0,normal
30.060206331884107,77.95571258737729,27.96541204022146,4.51524605870995,20.874744300498747,45.4244268568413,3.0,239.28108336743801,SET_MODE,2.0,0,normal
29.902197506836306,76.79169910545612,28.020378913612248,5.1117944559440165,23.612401101059863,37.999389275141084,4.0,226.69283597824716,STATUS,1.0,0,normal
30.508211631956712,76.2052270105337,27.992124239719203,5.049947938134538,26.16303963709854,42.128089729091144,2.0,83.72547890190012,REBOOT,0.0,0,normal
29.70056116862871,77.76509099912715,27.978268215707818,5.4628209101839325,21.167690188463972,35.87965578038228,4.0,208.952982723162,REBOOT,0.0,0,normal
29.666581761244313,76.89580829601083,28.00645613062756,5.073042523141031,28.46974495478272,49.78307827645474,3.0,201.0925022608742,STATUS,0.0,0,normal
29.8142508582196,76.27552614688616,28.153426220732616,4.878752852156209,28.808839787799528,43.74552053846649,5.0,227.03276195348306,SET_MODE,1.0,0,normal
29.715804184180605,77.33321011727679,27.971433072110617,5.0005384618634325,21.264548272119743,39.22957424495677,6.0,311.9933229024002,GET_POSITION,1.0,0,normal
30.1714553921568,77.63422203390137,27.91388761343691,5.035312225538288,29.072858899150418,36.908665076444144,6.0,253.47987949076605,STATUS,0.0,0,normal
29.218700109524484,77.15461246930077,27.957831177266787,4.49847161800155,24.569255233863597,39.54401378864149,4.0,235.9947261424375,GET_POSITION,0.0,0,normal
29.45683843326253,76.96577756543505,28.086902013963517,5.813099493300468,26.255543677471163,38.64006511059392,4.0,193.42730843121407,SET_MODE,0.0,0,normal
29.46361683503735,77.0951380780566,28.211804031781487,5.155961305430574,23.51004684361526,47.811778215998025,5.0,218.24960537980047,SET_MODE,0.0,0,normal
30.28262551556933,76.97070465275178,27.905778439124624,5.063002492406777,27.769134481680286,35.09786111114039,8.0,451.5890590343933,REBOOT,0.0,0,normal
30.597848582564836,76.46421127037861,28.014840068054333,5.184549195283574,26.218282056546002,40.53920569316082,5.0,270.245080874831,SET_MODE,0.0,0,normal
29.882259077646054,76.76419763740711,28.050753616290393,5.212823294175982,22.557540230207188,39.92664773346516,8.0,492.0056758225576,UNKNOWN_CMD,0.0,1,unauthorized_command
29.866278971286892,77.36654769560627,27.851113298990676,4.957833954349271,21.504394000104135,39.53035879862052,2.0,139.9230924250911,REBOOT,0.0,0,normal
29.97092946273083,77.25218551471137,28.003062575081938,4.81062765912779,20.619092694372334,39.56553338024663,7.0,311.5192461994215,SET_MODE,0.0,0,normal
30.41609166475113,77.16188535305085,27.780148921398684,5.179835205896511,25.56382532929827,39.53571675951807,11.0,788.0952596924037,REBOOT,0.0,0,normal
29.58816050403008,76.56786294674322,27.73464245443909,5.115713252159436,26.717414235339206,43.4922642653284,777.7431642939383,46664.589857636296,SET_MODE,0.0,1,command_flooding
30.06153938180363,76.96334155699662,28.055011961183837,4.757032970273178,26.952897036338324,42.43593778596974,6.0,346.3444565990035,REBOOT,0.0,0,normal
30.36268852875434,75.95529231383239,27.94241878880038,5.42571068341018,24.646056716177867,41.67564644549115,3.0,190.49163442630584,REBOOT,0.0,0,normal
30.178791621224956,77.12387200674426,28.030342061143184,5.088005610896895,21.52901063300691,27.864042551418926,3.0,234.8398407767757,SET_MODE,0.0,0,normal
30.059257086862026,77.74094974955074,27.99731575344875,5.21894580868029,22.95377560592865,41.199179496652654,1.0,62.95692107478599,GET_POSITION,2.0,0,normal
30.38823868832598,76.28242153190035,27.85353999270043,5.417576266303976,28.457045916885775,33.37744255931967,3.0,139.04990319256663,STATUS,0.0,0,normal
28.91024787415665,76.72057089717097,27.99321185470535,5.006566646349451,23.546114306199755,42.585280652543304,6.0,364.21003328253823,SET_MODE,0.0,0,normal
30.265735684504985,77.17321649864687,27.815034804247773,5.095085602095234,25.43025289204443,45.897989470282056,3.0,167.49407366296995,REBOOT,1.0,0,normal
29.73532386184451,77.63129470106098,28.20864585370021,5.243008171551835,21.773048549275337,36.2950435496458,2.0,118.3484454080195,STATUS,0.0,0,normal
29.266393047154725,76.77805376241423,27.796604448271005,4.782541674859984,26.009749136377106,38.952877110629174,6.0,287.30328351818093,GET_POSITION,2.0,0,normal
30.2041425798288,76.65441637133695,27.97063220935471,5.0162154988538,23.626946314962765,37.602577179788014,4.0,240.1323267698035,SET_MODE,0.0,0,normal
30.549463418065184,76.01553842879196,27.84365926179291,5.037664575995344,28.14013814132729,44.941727103027205,3.0,138.00477171490525,REBOOT,0.0,0,normal
29.94468213416773,77.05226060062395,28.08556317600412,4.713182434494982,27.32067311862044,40.38011154108829,6.0,418.5703393658088,REBOOT,0.0,0,normal
30.379796024778486,78.02320409063617,27.950285294307776,5.695291036602163,23.5128821602753,46.91331752226533,2.0,127.51250081804784,SET_MODE,0.0,0,normal
30.641865438290935,77.14355261482957,27.922199992056818,4.57781196695228,24.62000791795701,41.65501681178955,3.0,129.423322991014,REBOOT,0.0,0,normal
30.520551338126243,76.99752361969995,28.127980231757732,4.610568828893853,23.346651279878113,40.969800722543276,10.0,755.8457871715918,STATUS,0.0,0,normal
30.647526603104897,77.17457588921334,28.004414588751633,5.394267972711074,20.74170041036497,40.27282713041134,7.0,452.58628929237875,REBOOT,1.0,0,normal
30.28467124772788,62.0139415959471,26.577496666890394,5.213979875238962,22.42767271135835,43.27196839702935,4.0,210.57712882045303,STATUS,0.0,1,sensor_bias
30.013597895783168,76.62001370951388,27.85280110952238,4.692210554755767,25.59465198316246,33.049255207018625,1.0,41.82569598109241,STATUS,0.0,0,normal
29.337567628490156,77.44627363264043,27.789277458410876,5.1821867045305074,25.975778494688747,40.34137582208204,3.0,195.86720349259596,SET_MODE,0.0,0,normal
29.87418448158939,77.15670559860969,28.01608119430602,5.440355133499193,25.445643710777915,39.71981422508814,7.0,384.5632731775343,REBOOT,1.0,0,normal
29.628893150583238,77.06289976403129,27.95217304667579,4.990921082720904,24.094800838124094,42.90167530863106,7.0,534.1330693659766,STATUS,0.0,0,normal
30.827478844705436,76.57775417403077,28.09396520086809,5.779646870022375,27.799199817162958,39.24919357650385,3.0,124.18533992570096,UNKNOWN_CMD,0.0,1,unauthorized_command
29.880986018734916,77.7296094160348,27.98801373210062,4.482781456739589,25.190625713682813,35.84506226334932,7.0,290.94868189582814,STATUS,0.0,0,normal
29.99219052019935,77.42369761668967,28.030761300885196,5.2081470361577304,27.10976148428784,40.0294026996788,2.0,155.94394295255483,GET_POSITION,0.0,0,normal
30.154401810979085,76.82944732441571,27.756492620508812,5.349958500866301,19.678674603392444,35.668637884526625,5.0,392.97478913590123,SET_MODE,1.0,0,normal
29.941479743610024,77.62245040274331,28.28326554094214,5.267403170481574,13.232799245144973,32.29895114965006,643.6542322952155,38619.25393771293,SET_MODE,0.0,1,command_flooding
30.59162364970437,76.88944940715609,27.975363702245197,4.938693282006305,25.85136408351424,42.90848992594197,4.0,274.5653175906124,SET_MODE,0.0,0,normal
29.65344273408612,76.76499428769665,28.104638045550878,4.912867555396655,20.725703038835533,42.31624629077868,5.0,244.2989704657681,STATUS,1.0,0,normal
29.968580985763925,76.79496763538941,27.874586249467058,5.133243551326177,24.362644891860832,41.868363775974295,3.0,204.16713195432868,GET_POSITION,1.0,0,normal
29.58132316664185,76.30916748198224,28.046201485332602,5.244726345995621,24.093708876926183,45.211713687783245,4.0,298.9972474652774,STATUS,2.0,0,normal
29.337215348410837,77.45141222557051,27.80457328547129,5.1807420308847085,29.762201807246612,37.3398724387843,5.0,220.16629577245507,SET_MODE,0.0,0,normal
29.606770995017868,76.32206175062285,28.067810175738952,5.312017367238017,26.19998965883082,34.27554342891498,2.0,99.10131334096336,STATUS,0.0,0,normal
29.822261378494957,76.6464563286642,27.946603887342125,4.694339012879979,25.497577080396017,39.71988089276782,5.0,204.81553366529897,SET_MODE,0.0,0,normal
29.650297810767793,76.24697607454122,28.004378575590334,4.93166870626291,27.51097346390102,38.60999880117636,6.0,250.51916290666577,REBOOT,0.0,0,normal
29.529340087742053,77.266871586098,28.104696104519515,4.717995220362874,26.105492760517116,36.630817132919724,2.0,82.36942865742193,STATUS,0.0,0,normal
29.227420576108713,77.26092367134015,27.815118953316958,4.884166167174158,23.6269690210347,39.680603386048816,5.0,360.13647128528294,REBOOT,0.0,0,normal
29.739695932187185,77.19995083542496,27.89732624040808,5.304566267544292,28.21442779076368,37.55357941518166,5.0,259.65853568615535,STATUS,0.0,0,normal
29.15339443186337,76.87025902230349,28.068598642163014,5.032395176217569,21.67074961633518,32.655978866572674,7.0,418.09920308015694,SET_MODE,0.0,0,normal
30.04100559804749,76.83470998316703,28.314733221182014,5.782057748944931,25.969741562600685,38.23529323682496,8.0,572.1101643510452,REBOOT,0.0,0,normal
29.751018433141724,77.68331688062462,27.979287649800778,5.058021910156915,20.35729061759107,35.45449933318457,7.0,418.58422555788104,STATUS,0.0,0,normal
29.11544250414357,77.20718306785848,28.08867041768859,5.017907564173921,25.611831572547985,40.92659228644369,4.0,228.67137001993538,SET_MODE,0.0,0,normal
29.554563948377712,77.67298303405181,27.983954279521228,5.031854875832065,25.57896892531879,37.37586096703738,7.0,283.2404978170485,STATUS,0.0,0,normal
29.356536132394478,77.10553774552875,28.291336839213447,4.8086573921420195,30.029364885743988,44.446525896564204,6.0,376.3294806088215,REBOOT,0.0,0,normal
29.763589077001612,77.67306053485123,27.73791674995521,4.982649016286722,20.305078319674664,46.415464269071464,7.0,314.9280618783842,STATUS,1.0,0,normal
30.149992400186466,78.2695394638145,28.014193156700404,5.338336408133494,23.197338472438563,42.71752549204763,5.0,352.9296481582053,STATUS,0.0,0,normal
28.84101154654307,77.94735404515421,27.75616839496569,5.034191200438332,27.46804727972243,33.79589527206672,5.0,251.54754476300388,REBOOT,0.0,0,normal
29.61373771987198,77.48542942975094,27.624014264419493,4.761962081034959,26.005951769191924,46.020783995516155,5.0,334.837482161731,SET_MODE,0.0,0,normal
29.47970252664117,77.85859045338944,28.04461930796767,4.722474613856409,25.54091515401251,46.30288180149506,7.0,460.94258779091024,STATUS,0.0,0,normal
29.787704880322792,77.64899725314672,28.02092466942212,4.864939432500247,22.13159289112438,40.075162045231764,5.0,323.33512058600405,STATUS,0.0,0,normal
29.579248882790917,77.81358772195402,27.95727445933867,5.022159030323264,23.227544955725712,45.29170464134213,2.0,101.35616060297541,GET_POSITION,0.0,0,normal
29.167375468921534,77.68813335133845,27.984070886494038,5.3580759606428785,28.735123024669768,37.79329944781329,4.0,202.7343643480909,GET_POSITION,0.0,0,normal
29.314129679698368,77.81103039071328,28.46474491511069,4.597853407590069,24.845472418738215,32.535016260601644,7.0,521.6534521635724,SET_MODE,0.0,0,normal
29.09632762157324,78.04246593366567,27.961273729295286,4.904052116633373,26.12607908843342,36.95886224551363,7.0,283.5860531365195,REBOOT,0.0,0,normal
29.81752984521235,77.48391746657236,28.07651865418751,5.043293005830524,24.654435013670565,46.917203464179025,6.0,283.5654320289499,SET_MODE,0.0,0,normal
29.36744672795259,77.5177852769309,27.90259527705792,4.4498882697111695,21.450743454250706,34.03568030555411,3.0,193.22051011703823,SET_MODE,0.0,0,normal
30.090603293223396,77.37752549280889,28.04428488625609,4.7499205151100785,27.80143127822499,39.99808512772598,1.0,72.6818501761268,SET_MODE,0.0,0,normal
29.276481413950982,77.3186712645852,27.964264948741658,4.796033438079144,26.50969715359749,40.13657557336085,4.0,217.33528138765737,STATUS,0.0,0,normal
28.987419501138454,77.55810712124553,27.93842222759054,4.761208887844851,31.916910512101566,37.948103024128756,9.0,595.2396450998881,STATUS,0.0,0,normal
86.90727496899814,78.29534648415064,28.27283477983005,5.057566863506494,21.953255861048365,38.22591360065154,5.0,311.43128392404725,SET_MODE,1.0,1,temperature_spike
28.48786882247391,77.819006733492,28.17657774447765,4.95183211714946,27.467718763601443,40.28899653694481,4.0,170.32641671712565,SET_MODE,0.0,0,normal
28.543784679862494,78.57290474081205,28.020511997109885,4.833414169219689,21.065368101888996,37.751350632261094,4.0,259.4800315089085,GET_POSITION,0.0,0,normal
29.252038523179802,78.38505629393595,27.654368209608403,5.128388787965791,25.472039703019234,34.311766011328274,7.0,507.8929722362982,REBOOT,0.0,0,normal
29.31586548569528,77.43594713103568,27.945848616512116,5.516922415293875,27.929519767189493,40.860127771773826,4.0,318.7917312479055,SET_MODE,0.0,0,normal
28.44653005940801,78.80107764775747,28.40545413466076,5.491776955022526,18.783594651710537,44.29346632977989,6.0,247.1136174364135,GET_POSITION,0.0,0,normal
29.403100297505183,78.93326336779629,27.965400750004044,4.4231684683812995,24.385202577275177,43.47829007461368,2.0,132.80465380670944,SET_MODE,0.0,0,normal
28.81739154310185,78.08608312054223,28.165482635808047,5.173121655150542,23.31037079787214,36.76105813044075,7.0,396.0738748814294,REBOOT,0.0,0,normal
29.034321187268468,78.8491293994887,28.21629136029289,4.946593012980848,22.894128105114635,34.995088338489296,3.0,121.17454664474462,SET_MODE,0.0,0,normal
29.584942019335784,78.26766485244161,28.032844587378396,5.046546602859607,26.15563795677806,38.863248471380885,3.0,193.72331324502136,REBOOT,0.0,0,normal
29.26270585972952,78.80248297496088,27.873726755219778,4.880515089937235,28.362057119267785,46.27116603918266,6.0,269.38255165335255,STATUS,0.0,0,normal
28.75994570450749,78.17997805465079,27.634703150232568,5.035276588966161,24.600163854312534,42.582392315838185,4.0,220.57069603026184,REBOOT,1.0,0,normal
28.473745325428776,77.97509122878088,28.102624481291343,5.045422218821606,25.61645928268006,42.815858707176936,7.0,353.18278589675265,SET_MODE,0.0,0,normal
27.931841756212627,78.74048273840255,27.877786599576467,4.826314472795323,25.342926259177744,43.55942780714198,6.0,326.67921654506387,GET_POSITION,0.0,0,normal
28.46673883721053,78.93109526301059,28.026422567783154,4.7310897356524455,25.005410519069244,41.68306625007435,8.0,477.66258608030387,STATUS,0.0,0,normal
28.63127203185589,78.85600154937354,27.812526949061596,4.865391295214155,21.73197208686368,40.48243419045431,3.0,163.10514389874174,GET_POSITION,0.0,0,normal
94.21094017530424,78.52551265641009,27.96021436892947,5.0702777793370295,28.32533380516868,42.64922758659187,5.0,310.5463741179079,SET_MODE,0.0,1,temperature_spike
28.58436542102832,78.98106133635005,28.00505785823516,5.1796989025052795,25.88558610447651,37.81533558312792,6.0,297.2759256558849,STATUS,0.0,0,normal
28.627439754876765,79.37992897358114,28.040289037156644,5.256004693202044,26.184644470007733,34.34214795453472,3.0,196.24341209140582,GET_POSITION,1.0,0,normal
28.466100467327465,79.28788490885762,27.832776671897136,4.8517429930799265,22.580471112923252,42.89198773849729,4.0,296.60208065997654,SET_MODE,0.0,0,normal
28.254904254798927,79.46740205589431,28.179536642314204,5.085153370190821,23.62233880603228,44.9509524229969,8.0,391.701455012868,GET_POSITION,1.0,0,normal
28.540753721081686,79.10767543610089,27.910465782290203,5.28875077758599,24.471597406867666,35.527072242575876,4.0,241.2603545368996,REBOOT,0.0,0,normal
28.607984449171436,80.09592585440821,27.748829580932014,5.349678468543239,20.397625919653446,43.2876859296636,4.0,263.7903655279822,REBOOT,1.0,0,normal
27.952500364751522,78.99005733855677,27.98364648700548,4.982350143760543,19.935897024406966,46.72306285355276,4.0,250.34018099414658,SET_MODE,0.0,0,normal
28.910025983692805,79.89073529767249,28.00515629635397,4.933720482518116,23.197756208084297,39.99101519297152,4.0,218.50391139075614,GET_POSITION,0.0,0,normal
28.262757867081334,80.30743655448792,28.024088414975765,5.057337270150918,26.56756229932717,36.72799126103301,8.0,525.5039065618395,SET_MODE,0.0,0,normal
28.26582599328521,80.02719621580282,28.20431986055276,4.655087758130779,23.04058783021018,40.492074694107025,7.0,287.90893773882135,GET_POSITION,0.0,0,normal
97.15431040852295,79.75643700897527,27.96453267448962,4.941917146689348,21.94358440722786,37.797864127197194,7.0,383.57374495900126,STATUS,0.0,1,temperature_spike
28.26244128949896,79.66520373747882,27.982057056344683,5.223375919541939,22.55594304028699,37.53307956017439,5.0,306.52244292820063,SET_MODE,0.0,0,normal
28.505197226285112,80.51973570917141,27.834522342815035,5.19258413883311,23.63397273056406,41.73273626908617,7.0,285.7716844740421,SET_MODE,1.0,0,normal
28.19315704270903,79.36322073476387,28.123083025433186,4.918919718690833,23.938423111539688,33.58508209988042,4.0,241.22381274948796,GET_POSITION,2.0,0,normal
27.787280477137895,79.66332918661968,28.027646359611715,5.06531546032615,31.496564356619672,34.224284310031095,7.0,463.1912490143759,SET_MODE,0.0,0,normal
28.13039436859638,80.02395238363184,27.936995840905876,4.752604897912794,28.163861885461955,40.07716352149577,2.0,140.7366158170436,STATUS,0.0,0,normal
27.481435778534106,80.91654486041621,27.71429879598018,5.211047644467508,28.074322336845185,39.91076584435027,2.0,89.06992651275444,GET_POSITION,0.0,0,normal
27.93508556315054,80.56322512867656,28.216661829258264,4.976653569159058,28.505741092820145,41.37421830815974,5.0,398.11297497833897,GET_POSITION,0.0,0,normal
27.83071361925648,79.96556813592206,27.815848005331592,4.917214564491158,22.003537391997853,47.50090155393355,5.0,321.2335402670191,GET_POSITION,0.0,0,normal
27.712717774444716,80.37130291954158,27.911308298594545,4.891482849171984,21.332906155038284,40.418056144303286,8.0,436.2220136359456,STATUS,0.0,0,normal
27.69612988577845,80.29676660338542,28.0537516766614,4.981131839930042,21.67938912539783,42.39268860133918,6.0,299.7822850696113,STATUS,0.0,0,normal
26.946013671558525,80.32710024027111,27.820516310707497,4.865636706520412,29.003518400013512,36.09786825754147,5.0,314.5793723366829,SET_MODE,0.0,0,normal
27.430106358069647,81.25009066541273,27.77597353326203,5.197442910800769,23.358424633352527,43.07175065406615,8.0,602.1477270933026,GET_POSITION,0.0,0,normal
27.637218600102536,80.15399941193449,27.6814078625949,4.881414935595146,21.24593145328214,37.89443653955729,5.0,304.11307922827297,STATUS,0.0,0,normal
96.29473645198918,81.72404970974178,28.108149542935845,5.477889228808214,23.707011399340562,40.285683330324375,7.0,465.21217556938893,REBOOT,0.0,1,temperature_spike
27.088929943629616,81.41411484509231,27.91822206329105,5.439563151044414,24.28418340485612,39.564605499723356,4.0,217.23143032648963,SET_MODE,0.0,0,normal
27.955731727536328,81.62631308939713,28.439090513871,4.732536953043649,25.805239821083685,44.13189693965612,7.0,388.68264066491236,STATUS,1.0,0,normal
27.052095626965432,80.9308253379854,27.85084674015537,5.020911280828784,25.75285306213613,34.7600937825,6.0,308.68202538525406,STATUS,0.0,0,normal
27.735140694140142,81.16925713817334,27.86178234648566,4.804803013599141,22.515458308379475,30.867045461539842,5.0,341.1274588736479,STATUS,0.0,0,normal
27.466710011683734,80.61009246564154,27.91519105445719,4.902005731043417,27.056969177541134,39.1462692116483,3.0,163.1025064099878,SET_MODE,1.0,0,normal
26.985504977064785,81.1472753548629,28.036470198270774,5.600728240293439,23.082419398749526,41.874125027620494,5.0,238.14328080824788,STATUS,0.0,0,normal
27.9019800909892,81.73985824950894,27.929469499182204,4.90772857486526,24.53117098988487,40.60907750323,5.0,273.8801142332476,STATUS,0.0,0,normal
88.692436900481,82.22496141135744,28.091849832100376,5.108067811123228,27.060322211510066,44.92881694965565,4.0,296.612353253241,REBOOT,0.0,1,temperature_spike
27.454353941853096,81.10771395574423,27.853211741501703,5.162396388202484,23.074535788166976,41.749490696718674,1.0,69.53008174307693,REBOOT,0.0,0,normal
27.433916142596207,81.56335388690094,27.792761242230462,4.699811188255028,23.291945729256586,37.74460667256056,6.0,320.3138026712553,REBOOT,0.0,0,normal
26.712150746565133,81.75571226157048,27.730267789088632,4.7434713576772385,26.775004149079393,30.69831938344128,6.0,457.6341515608086,STATUS,0.0,0,normal
27.48383245073797,81.21915126976418,27.66646387480942,4.638193288577565,22.426800470184943,39.050751063219124,7.0,300.9531378328908,REBOOT,0.0,0,normal
26.773014361239987,82.29882187355189,27.922289647078742,4.734208779830667,23.845623929187788,44.111836009031194,8.0,335.9212132523658,GET_POSITION,0.0,0,normal
26.9344434764777,81.72765919450347,27.954852953141017,4.144990967204845,26.667226534128677,38.43180886933154,7.0,315.69169933986757,REBOOT,0.0,0,normal
26.868781559077828,82.07886030670055,27.905284445877523,5.163374720238089,31.162277324307926,40.11328105471106,1.0,44.658190234344126,REBOOT,0.0,0,normal
26.656377220040127,82.03786416743871,28.186510869578075,5.616258152376821,26.81621351428824,41.685441017226836,5.0,217.5668630024681,STATUS,0.0,0,normal
26.979640398688716,81.95682340406047,28.18420453144122,5.044346221710958,26.417919288970033,35.93883050300074,4.0,265.8148179196788,GET_POSITION,0.0,0,normal
26.917704847005748,82.43598253320394,27.949779551883324,4.575119342197818,26.59240475101819,42.49294358655527,8.0,512.2695614897357,REBOOT,0.0,0,normal
25.845672182579477,82.42005925571638,27.730911833021207,4.807167085130016,21.78042917779885,46.54848716000682,3.0,197.71266126980575,STATUS,0.0,0,normal
27.011387502343677,82.4306288105528,27.91499423379174,4.862336946492501,25.346790216039725,39.308746592426374,1.0,67.5346421664812,GET_POSITION,0.0,0,normal
25.769019368341198,82.34134332747108,27.91002679091244,4.694724566835987,24.910700534990795,35.48374231267079,2.0,140.55038019845438,REBOOT,0.0,0,normal
26.791205260821666,82.95466348885547,27.90142975565829,5.258054791518547,25.96475362111827,39.7335958919121,3.0,144.86123129836923,STATUS,0.0,0,normal
26.77285286491704,83.71133533794854,27.895342164415265,5.2430780133126005,25.349524157427613,31.102463565564527,7.0,454.24498370574395,GET_POSITION,0.0,0,normal
25.82958926843794,83.04438227158114,27.901980565641278,4.653364461854702,26.139099032251337,41.347613055906464,4.0,252.80778549381972,REBOOT,0.0,0,normal
26.045283762816503,83.56268394265823,27.942018757615337,5.217524313334253,24.065598415302397,41.80909751059431,7.0,544.2248072249727,GET_POSITION,0.0,0,normal
25.71079748631782,82.45996207148376,27.904668835177667,5.458043799073179,25.175826752115377,46.70254517538225,11.0,542.2417986654453,GET_POSITION,0.0,0,normal
26.010424708824022,83.32465172614366,28.03124837629384,5.570767461568868,21.316514301829024,39.2240208297335,3.0,127.04675212491976,STATUS,0.0,0,normal
25.91634474041451,82.78802231397238,28.054055307385728,5.859563606925788,24.040278165991257,41.63394135258588,7.0,462.97861952007213,SET_MODE,0.0,0,normal
26.29444726057189,82.6894046599714,27.863403236922625,4.729402205167041,29.17250064452993,36.5548475904564,5.0,348.0345680473424,GET_POSITION,1.0,0,normal
26.449598113671428,83.14955491191274,28.190659798901056,5.8472661279185605,25.95642501888477,38.57429151789969,9.0,461.9505620907182,GET_POSITION,0.0,0,normal
26.426514412650636,84.20676424587133,27.852990654723907,4.893738083447364,24.93723688785077,33.899258253351206,5.0,314.1696861879338,GET_POSITION,1.0,0,normal
25.58602240489653,84.17758452949026,27.757329907927698,4.822260363385846,30.68836982876304,39.22084151486706,7.0,296.6700983495621,GET_POSITION,0.0,0,normal
25.66973981174961,83.91601666303133,28.057116710704758,5.098121712463354,20.917495065096762,38.77876338592574,4.0,313.60717458692625,GET_POSITION,0.0,0,normal
25.022490227911945,83.12026491237452,27.877388779837847,4.825381599772096,21.67163333366134,41.19679906435558,3.0,133.19099679590022,SET_MODE,1.0,0,normal
25.315860212704504,83.88072649142127,28.048193720613607,5.119713242193958,30.13813423382882,37.50561247866944,5.0,213.51410723039916,STATUS,0.0,0,normal
25.96640522386513,84.22210669144903,27.63944970983492,4.60397684367881,25.137882808146802,40.33338140390037,4.0,167.05762551913904,SET_MODE,0.0,0,normal
26.168875445757568,84.25154040864805,28.20886839122246,4.92837421938097,24.272250891130618,38.666479777569336,8.0,456.7270100810729,STATUS,0.0,0,normal
24.97100975589501,83.33450432082446,28.10084401120606,5.385674670308504,21.40238702471307,38.67400244680194,4.0,175.54555895315042,SET_MODE,1.0,0,normal
25.169807669678143,83.90397167864718,27.77492851762555,4.982881612570654,26.343088799185036,40.32144930385212,3.0,209.35778891466902,STATUS,0.0,0,normal
25.338220065937058,84.40990932797264,27.778183431423056,5.042478736021965,26.633379608582388,40.16209176926804,5.0,379.77483212528114,REBOOT,0.0,0,normal
25.402788608080233,84.80298682347477,28.250839885614628,5.1425775814151935,21.716516917495312,43.044696156206555,2.0,100.81751458598856,GET_POSITION,0.0,0,normal
24.908785153020077,83.52973359186805,27.889393014475306,5.351198488795298,24.579173243348716,39.51742786348066,6.0,390.9055486203357,STATUS,1.0,0,normal
25.344121901298152,84.63974203864005,27.874872272690105,4.50343258634317,23.9934525039008,38.60045860350799,6.0,250.16122728283625,STATUS,1.0,0,normal
24.92680904304192,84.88537273394702,27.66009218587761,5.17535721555123,25.767931439256312,39.2767702196511,3.0,166.38773660313544,GET_POSITION,1.0,0,normal
25.052395420655667,85.33172386784693,27.94738326915977,4.919558258227471,21.642249273338066,37.14134353263603,4.0,206.87073814843654,REBOOT,1.0,0,normal
26.88406730081602,85.3464287921187,27.965842057774637,5.049991368593552,28.75584236353947,38.560355625733315,5.0,245.72381928807175,GET_POSITION,0.0,0,normal
28.275499782146458,85.38436778581558,28.107323964515423,5.317985050928713,27.747471344792814,48.12463485229293,7.0,460.5225770960358,STATUS,0.0,0,normal
29.70576166676271,84.78618139764147,27.79013823577233,4.641744004576447,23.91047332380155,36.34928495721653,6.0,271.2547071260487,STATUS,0.0,0,normal
31.44387300137533,84.32519490505832,27.771956981163907,4.696206667567073,24.350743865084887,38.88537466448276,3.0,223.28526279563863,GET_POSITION,0.0,0,normal
97.20069250791335,85.17567611905126,28.067644395216472,4.4193710120858585,24.59073354916715,38.450045346921236,6.0,399.5606175284963,SET_MODE,0.0,1,temperature_spike
34.55459305318199,85.9659745438881,28.15100951068406,4.835252317470867,22.66507434098049,39.011313551022404,3.0,205.28822144256694,GET_POSITION,0.0,0,normal
36.206574417514304,86.2547790537152,27.764327147332317,5.399129703313645,23.669711745294894,38.67504276448642,6.0,464.4826340778404,STATUS,2.0,0,normal
38.5570943077789,86.00614394849175,28.16222711294496,4.963823843457959,24.189188896976173,41.116960404884,2.0,155.3898297202012,STATUS,0.0,0,normal
39.74960088906038,85.958269298836,28.005631276223024,4.597962531303565,29.838605112121385,33.159299594432824,3.0,186.1982788583083,STATUS,0.0,0,normal
41.01470157259544,86.02604753033421,28.163770800861197,4.854296376627486,27.83985492499131,44.14868589012802,4.0,239.2607707657569,REBOOT,0.0,0,normal
43.019406808938044,85.65068393962146,27.989466945772357,4.553641488952813,27.80396412200987,42.53033119856879,11.0,587.5679076198405,GET_POSITION,0.0,0,normal
44.21490718416908,85.95610303610795,27.62165831237681,4.6624441694806515,26.109776839013172,35.02851365574746,5.0,343.1143220404937,REBOOT,1.0,0,normal
46.42558117122333,86.94791957059367,27.977204892652594,5.116645673079114,21.648018973206298,30.923690908190395,4.0,246.11342191677008,GET_POSITION,0.0,0,normal
47.71217873823535,85.73420669509991,28.15902157280069,4.647838002108191,24.87552668626786,36.091711415434396,3.0,231.94500956881498,UNKNOWN_CMD,1.0,1,unauthorized_command
49.129493551088544,87.10481278019945,27.865938097137445,5.333790291560991,27.91146537884014,39.02933415429151,2.0,99.09007589700843,SET_MODE,0.0,0,normal
50.95970350782206,86.22817134408942,27.941805254663883,4.978663912750899,21.225206111898135,50.3211675947631,974.270244081691,58456.21464490146,STATUS,1.0,1,command_flooding
51.76058615139616,87.14347543890527,27.973579974467352,5.025678411183358,26.90965962061979,42.17302785989709,4.0,210.57447158719498,STATUS,0.0,0,normal
53.5466747938336,85.86872537151386,27.565072918019727,4.916488109717632,31.9678276757883,32.76964140327417,1.0,72.23993818226828,GET_POSITION,0.0,0,normal
55.12838997402778,86.9562456271244,28.25070213631562,5.231854351563117,28.185449937969196,37.24137798039622,0.0,0.0,STATUS,0.0,0,normal
57.27185614925672,86.38584392552941,27.864793648015425,5.234947966333103,29.24208740668596,39.78715025490807,6.0,349.3557890373551,REBOOT,0.0,1,gradual_drift
24.539926646081835,86.13729336997743,28.07586031487092,5.1005163055736515,25.655016251326483,41.01473421719239,5.0,285.51614739460945,SET_MODE,0.0,0,normal
24.682910580478723,87.04464218600279,27.986994829577768,5.1694367317722945,27.90379584629497,34.741004558758306,5.0,214.62792420275173,REBOOT,0.0,0,normal
23.989244600052313,87.53029723913636,28.188642858453903,4.936373099023872,22.846440356937894,39.460039088091754,9.0,507.886919475965,REBOOT,0.0,0,normal
23.878166979791782,86.69300257700084,28.060908418364214,5.162660902072714,27.38759143702368,37.12944344955784,1.0,60.535119331359255,GET_POSITION,0.0,0,normal
22.901390127253908,86.45559086630679,27.964761359271854,4.898636667357858,26.96316440218229,35.58496574959074,2.0,85.20837540039307,STATUS,1.0,0,normal
23.34891431655095,87.24850347952123,27.865972736122107,5.000669486648721,25.869733522112988,41.03838258679581,5.0,301.97242568893347,REBOOT,0.0,0,normal
23.195235094044296,87.33972458391925,28.119677605207322,4.917606875190111,28.948022259155493,43.095508693771286,4.0,313.4780647493442,GET_POSITION,0.0,0,normal
23.206575988824813,87.74629576877683,27.718983804406808,4.862834438204241,23.383645486457834,43.364165107846475,5.0,395.7828646323065,REBOOT,1.0,0,normal
23.33243311378123,88.035292259738,28.096883563041384,4.793266460683463,24.438827450579012,42.297545404535505,8.0,490.1375291487396,REBOOT,1.0,0,normal
23.155846679496353,87.61879975244342,27.83514328726677,5.140307031157666,25.28638612407489,38.010521867438946,7.0,424.2271411288285,REBOOT,0.0,0,normal
22.498179359221346,88.66391280400248,28.187842549293496,5.393181773844039,21.911167086731798,42.85819904585402,5.0,257.1016332832783,GET_POSITION,0.0,0,normal
23.534511278877666,87.9355618899786,28.024194931399403,5.351330591500868,25.680795831400744,41.236217752417154,6.0,479.3077132109044,SET_MODE,0.0,0,normal
22.75193676493833,87.73713238662175,28.096618565177515,4.623030399216369,19.84320876113846,40.535767531808055,4.0,203.87666736403617,REBOOT,0.0,0,normal
23.222665778564913,87.19106906777586,28.012298322073708,5.386760915422062,28.14086360328463,37.55322751319281,4.0,232.464208070393,REBOOT,0.0,0,normal
23.902786737187757,87.95162436898148,27.73714343572885,4.904552449514622,25.1399120996979,38.01249549063389,5.0,200.5868115605353,GET_POSITION,0.0,0,normal
22.65184733316965,88.00044465560768,27.8708906254907,5.180219904543677,23.43732128828871,40.295547744498215,5.0,269.84645818182736,STATUS,0.0,0,normal
21.954201775522474,88.73404554274711,28.10085840064171,4.7281354003858365,22.496879163114635,49.759497867942,3.0,128.57283607305885,SET_MODE,0.0,0,normal
22.79890603883887,88.56994944788796,28.024998372603978,5.042593974162202,24.29626291114244,41.20496992036556,6.0,418.5179448924318,GET_POSITION,0.0,0,normal
23.300965029291152,87.83338555871693,28.17714848579585,5.094116954869072,27.06477913231724,37.555245990998856,8.0,499.5246249695783,STATUS,0.0,0,normal
23.591483247742854,88.59309636751813,28.060491184455575,4.554618562424104,26.64321693621268,36.670442220122226,3.0,188.6606252745188,GET_POSITION,0.0,0,normal
22.26418426121672,88.92615902746823,27.8549947163946,5.182480149903257,22.88338615816462,38.03293354937519,6.0,308.7627086159287,GET_POSITION,0.0,0,normal
22.902847422359553,89.43734730679,27.880590379341903,5.403780502351495,22.461880982117098,48.70917379019626,3.0,217.78755483035684,SET_MODE,0.0,0,normal
22.466518003358537,89.19952448599413,28.015437608578484,4.947605616295512,26.97069611895894,38.40297341621615,8.0,321.04669610600007,SET_MODE,0.0,0,normal
22.55905509202712,89.2181282331577,27.652893390099983,5.408050439248404,22.83295778615491,43.62748213844114,3.0,160.03214149970304,SET_MODE,0.0,0,normal
23.608288747616392,88.94916074321225,28.251016282843448,4.943091951964278,25.17972932223851,38.49628701811457,11.0,730.1788958019018,SET_MODE,0.0,0,normal
21.898811868641946,89.19415600271171,28.066262010456633,5.254875359313985,25.37126392757283,41.04473816511852,8.0,610.5352119734148,STATUS,1.0,0,normal
22.551282915769452,89.70509316847848,28.18405518955733,4.33442901021467,25.936186395180215,43.16698109603489,10.0,493.8463827700932,REBOOT,0.0,0,normal
22.586996629060103,88.49374032469389,27.762909408878624,5.725633333794039,27.574811290545615,37.712388600760306,7.0,431.5080144836771,GET_POSITION,0.0,0,normal
22.784718208809718,89.06463445025717,28.186684774053287,5.448637473572887,21.211111189398032,37.43555338338892,9.0,553.6769113919956,SET_MODE,0.0,0,normal
22.340439971630786,88.93172088923399,28.33472483665416,4.914612348723896,19.26652202421854,46.63547877782132,7.0,524.7688233322359,REBOOT,1.0,0,normal
22.375675325447613,89.58564838392951,27.801868246693402,4.408373292006854,23.297658156314945,43.93837157958319,8.0,336.16540465914954,STATUS,0.0,0,normal
22.047376055677546,90.08865431559138,28.115710269235564,5.086408510491647,30.404585223496557,43.16268927476291,8.0,455.83217954262636,SET_MODE,0.0,0,normal
22.26364516098379,89.25192184146228,28.000166491703094,4.566822335877873,31.066522300262136,43.14910517249166,4.0,189.19450796670904,GET_POSITION,0.0,0,normal
21.971061408961113,88.43150650560915,27.76833492276276,5.133456061267246,30.493531406697663,41.83830195324426,5.0,204.30652005971962,REBOOT,0.0,0,normal
22.309702494480057,89.49617164582753,28.07393259577778,5.123469715749285,24.42105589671793,48.07110325270026,6.0,275.28742572491586,SET_MODE,0.0,0,normal
21.866362907068627,90.23400559963096,28.125040480725602,4.717579049299393,19.65365475404551,40.175633207508625,5.0,395.2941345696398,GET_POSITION,0.0,0,normal
22.118584730566813,90.12042363466544,27.909831017099673,5.336290107084313,17.970882695044477,42.30904946880368,2.0,97.18788076162143,REBOOT,0.0,0,normal
21.909987497897717,90.13938492651056,28.174887478038283,5.241672410841852,23.157885515351765,34.19634828562395,5.0,387.00615466716,GET_POSITION,0.0,0,normal
22.326477527589073,89.85831146541443,27.749985488981622,5.292747001186569,24.40577910955192,36.700157253635034,3.0,144.630521115713,STATUS,0.0,0,normal
21.810287673571054,89.43113237107978,27.77578657803255,5.002657311100669,28.901876203167877,35.19672400065984,7.0,540.7626636676556,SET_MODE,0.0,0,normal
21.076848964284544,90.39994803830457,28.020489609338313,4.575342779925888,27.603416378627337,45.0962543340646,1.0,66.18483740801258,SET_MODE,0.0,0,normal
22.24648245617832,89.79611692555433,28.00380779169584,5.293361681663341,25.682215236974862,29.789839391917,1.0,44.52874310007707,GET_POSITION,0.0,0,normal
21.33551395965992,91.37555735868227,27.892513976736385,4.918888580259263,22.330465687176574,38.39075990898911,3.0,189.82981861518934,REBOOT,0.0,0,normal
21.39284043274618,90.63829845504812,28.12143916539578,4.5830659570422,22.11766132526533,28.025173589357507,2.0,105.4811230032223,UNKNOWN_CMD,1.0,1,unauthorized_command
21.373075486653953,90.13153184188887,28.079634147132392,5.405611809792298,25.762383061214305,36.67484841807244,5.0,276.63063119561406,GET_POSITION,0.0,0,normal
22.118567047924664,90.18424047925555,28.1287208606401,5.629822256150753,27.09115293651918,38.036204201072536,0.0,0.0,STATUS,0.0,0,normal
20.672438462113544,90.51079486036517,27.98152953469716,4.987625561306239,26.175643786736753,45.53948437517617,4.0,227.63312360485352,SET_MODE,0.0,0,normal
22.740194126335695,90.50409749839442,28.090387040196752,5.647736346380988,21.896206121180036,41.58651175688583,4.0,266.25742247728465,GET_POSITION,0.0,0,normal
21.866379863575734,91.24808546384608,27.9331524545455,5.0273944185834045,26.95200288637626,36.66743390668414,3.0,212.20416823089158,REBOOT,0.0,0,normal
21.49259656395841,90.84792648758122,28.30807280351299,4.885863228750095,26.277732901304233,44.263854878927305,2.0,106.33421513608971,SET_MODE,0.0,0,normal
21.34117419188824,90.45317326313013,27.878118134481703,4.810862463744357,21.788000781429467,40.07132901811903,5.0,384.8727923371379,SET_MODE,0.0,0,normal
21.437676589643914,91.82769240705653,28.315794614418746,5.491124722397823,22.647037089099232,40.15026743482901,5.0,387.69326280377527,STATUS,0.0,0,normal
21.492724843964776,90.96981276957925,28.00523319206341,4.765956835583668,27.0654879236847,35.18931396891203,3.0,124.88285245813721,GET_POSITION,0.0,0,normal
21.503686069472533,91.39146010183644,27.79367336656469,5.2205807929924966,24.296477394562327,36.039945144387445,2.0,81.19270311064147,REBOOT,1.0,0,normal
21.429673869657034,90.76399541306857,28.20521190257329,4.832250849482238,29.767441904909372,36.699610800217904,6.0,342.0159192362546,STATUS,0.0,0,normal
21.205610056907215,91.30991335882408,28.018885208259245,4.861907971227691,26.50338782819373,40.18584509261676,2.0,127.25162007901268,STATUS,0.0,0,normal
21.05370666820725,91.3433277374433,28.127668614757035,5.30907490819087,23.540106435432193,40.3115429079227,7.0,357.8133292865773,STATUS,0.0,0,normal
21.035520553155305,90.30152756736518,28.183578387781388,4.885988946113194,24.969383198827202,46.17637065409618,5.0,251.88275021715486,GET_POSITION,0.0,0,normal
20.98198291982532,92.31172358408409,28.050693333121753,4.878561386173912,25.190150177913154,41.540220671751335,10.0,671.3335318836762,GET_POSITION,0.0,0,normal
21.477904056272582,92.00628860242006,27.911163873278078,5.339841409152442,22.81482906027487,29.169737225311568,2.0,128.13634277244557,SET_MODE,0.0,0,normal
21.22680672513713,91.21838788396735,28.146357006650387,5.479219187966487,22.26223540546712,41.05056795148676,6.0,280.1152499983463,GET_POSITION,0.0,0,normal
19.77875957425955,90.92100108477166,28.00011332611819,5.19340694098527,27.1041696814285,34.19993457532987,6.0,452.28023118363814,STATUS,1.0,0,normal
21.183353970391046,91.70019095125515,28.102878672791263,4.803569067312815,27.535819891126287,36.136116301553855,6.0,403.19425683865677,GET_POSITION,2.0,0,normal
20.96551900148421,91.62314961195248,27.67694041393128,4.846817450210726,26.811344408658876,36.75132211309468,4.0,218.01219986704132,REBOOT,0.0,0,normal
20.847328634646434,91.81013505472194,28.06704725755148,5.023974579122012,29.545954282971405,37.34664670595079,6.0,404.069925597876,SET_MODE,0.0,0,normal
20.667153561699763,91.77969118940054,27.904212126228245,5.096279018577698,23.374680291965195,34.49940243183879,6.0,267.03674082427585,STATUS,1.0,0,normal
21.240520395018123,91.987720003415,28.24799644557678,4.703640226958068,30.022812298213392,40.813928013809154,2.0,117.4604899659245,SET_MODE,0.0,0,normal
21.138770104067014,92.50803761894731,28.093463102183364,5.216911381873959,22.29723664433754,34.35679085963616,3.0,140.27812914714713,GET_POSITION,0.0,0,normal
20.42006672496793,92.11730313520852,28.035978661877394,5.02565399889188,21.961943309894522,41.42667042899939,3.0,124.97174953541239,SET_MODE,0.0,0,normal
20.862075175372986,91.35636543370795,28.072946499002533,4.485287504408561,19.72012335355225,48.947884308246515,6.0,321.19830486919193,UNKNOWN_CMD,0.0,1,unauthorized_command
20.28121028726129,92.60948465663174,27.850233872068493,4.721322055261781,23.662614058519548,34.68256376426375,2.0,92.05883867846266,GET_POSITION,0.0,0,normal
20.089230665600617,92.79458259131825,28.243488503579208,4.848761397904501,23.48883298951164,38.861958782643114,5.0,326.7035913907649,SET_MODE,1.0,0,normal
20.36218612039111,93.59543155089268,28.298705562762535,4.978142693347683,26.57781184076395,29.90617054995012,3.0,200.88814728212526,GET_POSITION,1.0,0,normal
20.93021942465847,91.5018337262516,28.05893702658223,5.566783638651199,25.731672824861352,38.79625882811947,8.0,367.58153799251306,STATUS,1.0,0,normal
20.93949876418542,92.22824301291917,28.238560535286044,5.071451391841888,21.42107988694259,42.570868610525935,3.0,122.95356067241116,SET_MODE,0.0,0,normal
20.737070966421857,76.1080117709928,26.41462777019912,4.747768433030412,23.821821284722546,42.88255692542907,7.0,501.98695725784495,REBOOT,0.0,1,sensor_bias
20.796068083243362,92.46692694858295,27.88043296506625,5.0661892412921485,23.885613936736945,40.309454921136386,2.0,80.16456165828498,REBOOT,0.0,0,normal
20.687302465103386,91.95657001050478,28.006138712309337,4.894373675763836,19.67205325911432,43.557053699035905,4.0,215.0260942694062,STATUS,1.0,0,normal
20.199651717042997,93.23173192920099,28.065241155755185,5.097427471860063,22.057159818959892,50.18421814377117,3.0,179.34999576548037,GET_POSITION,0.0,0,normal
20.605041729656577,91.92105617613151,27.940901997813533,5.1741703061106845,22.687559108157732,46.8492187497504,6.0,436.47412524922385,GET_POSITION,0.0,0,normal
20.729083275689703,91.50113733605856,28.080665228555272,5.362769194167181,29.30087505946284,37.90991628236145,5.0,367.7117285492281,SET_MODE,0.0,0,normal
20.687904310148213,92.1464676844923,28.045958422311013,4.992714051298992,25.57435214787206,34.19558405413304,2.0,137.99515524883645,SET_MODE,0.0,0,normal
20.839646075755926,91.42972695092573,27.85025398370634,5.49168815827995,26.9865062618425,38.37539433370478,12.0,598.6548588191511,REBOOT,0.0,0,normal
20.62592284424972,92.82738763866278,28.077818952617758,5.272406798760858,20.504093508552366,36.21206893753061,1.0,68.80747737276684,REBOOT,0.0,0,normal
20.46233170381898,91.45265460358809,28.12952923637823,4.787768136556344,28.582643449041974,41.80539019145853,4.0,199.44627166031069,GET_POSITION,0.0,0,normal
20.729596991397035,92.53176975687883,28.02572039763856,5.662956699724539,28.90330618907228,35.275225842282005,6.0,291.50596601560835,REBOOT,1.0,0,normal
20.271348964332457,91.50996214122057,28.172897215489254,5.09809835398103,19.00496509856612,39.70871026963863,4.0,247.5404726768852,GET_POSITION,0.0,0,normal
19.910266926937265,92.41902423784632,27.817389430975457,4.749462648808329,22.884049828252454,43.35205621814524,7.0,470.07924427353754,STATUS,0.0,0,normal
20.179490632946727,93.43014120826349,28.07019256331978,5.495873915369127,26.48729671904653,39.59721650873129,5.0,210.6103531823361,STATUS,0.0,0,normal
19.92910078083876,92.81702500369975,27.824457894040485,5.623333275559533,26.933165360614545,36.21474470900881,4.0,169.60361617993735,REBOOT,0.0,0,normal
